titulo,mais tocada,letra,compositor
A Palo Seco,False,"Se você vier me perguntar por onde andei No tempo em que você sonhava De olhos abertos, lhe direi Amigo, eu me desesperava Sei que assim falando pensas Que esse desespero é moda em 76 Mas ando mesmo descontente Desesperadamente, eu grito em português Mas ando mesmo descontente Desesperadamente, eu grito em português Tenho vinte e cinco anos De sonho e de sangue E de América do Sul Por força deste destino Um tango argentino Me vai bem melhor que um blues Sei que assim falando pensas Que esse desespero é moda em 76 E eu quero é que esse canto torto Feito faca, corte a carne de vocês E eu quero é que esse canto torto Feito faca, corte a carne de vocês Tenho vinte e cinco anos De sonho e de sangue E de América do Sul Por força deste destino Um tango argentino Me vai bem melhor que um blues Sei que assim falando, pensas Que esse desespero é moda em 76 E eu quero é que esse canto torto Feito faca, corte a carne de vocês E eu quero é que esse canto torto Feito faca, corte a carne de vocês ]",Belchior
Aguapé,False,"Capineiro de meu pai Não me cortes meus cabelos Minha mãe me penteou Minha madrasta me enterrou Pelo figo da figueira Que o passarim beliscou Companheiro que passas pela estrada Seguindo pelo rumo do sertão Quando vires a cruz (a casa) abandonada Deixa-a em paz dormir na solidão Que vale o ramo do alecrim cheiroso Que lhe atiras nos braços (no seio) ao passar? Vais espantar o bando buliçoso Das borboletas, (mariposas) que lá vão pousar Esta casa não tem lá fora A casa não tem lá dentro Três cadeiras de madeira Uma sala, a mesa ao centro Rio aberto, barco solto Pau-d'arco florindo à porta Sob o qual, ainda há pouco Eu enterrei a filha morta Sob o qual, ainda há pouco Eu enterrei a filha morta Aqui os mortos são bons Pois não atrapalham nada Não comem o pão dos vivos Nem ocupam lugar na estrada Pois não comem o pão dos vivos Nem ocupam lugar na estrada Nada, nada A velha sentada, o ruido da renda A menina sentada roendo a merenda A velha sentada, o ruido da renda A menina sentada roendo a merenda Nada, nada Nada, nada, nada, nada Aqui não acontece nada, não Nada Nada, nada Nada, absolutamente nada E o aguapé, lá na lagoa Sobre a água nada E deixa a borda da canoa Perfumada É a chaminé à toa De uma fábrica, montada Sob a água, que fabrica Este ar puro da alvorada-da-da-da Nada, nada Nada, nada, nada, nada Aqui não acontece nada, não Nada, nada Nada, absolutamente nada ]",Belchior / CASTRO ALVES / Raimundo Fagner Epigrafe
Alucinação,False,"Eu não estou interessado em nenhuma teoria Em nenhuma fantasia, nem no algo mais Nem em tinta pro meu rosto, ou oba-oba, ou melodia Para acompanhar bocejos, sonhos matinais Eu não estou interessado em nenhuma teoria Nem nessas coisas do oriente, romances astrais A minha alucinação é suportar o dia a dia E meu delírio é a experiência com coisas reais Um preto, um pobre Uma estudante, uma mulher sozinha Blue jeans e motocicletas, pessoas cinzas normais Garotas dentro da noite, revólver: Cheira cachorro Os humilhados do parque com os seus jornais Carneiros, mesa, trabalho Meu corpo que cai do oitavo andar E a solidão das pessoas dessas capitais A violência da noite, o movimento do tráfego Um rapaz delicado e alegre que canta e requebra, é demais! Cravos, espinhas no rosto Rock, hot dog Play it cool, baby Doze jovens coloridos, dois policiais Cumprindo o seu duro dever E defendendo o seu amor e nossa vida Cumprindo o seu duro dever E defendendo o seu amor e nossa vida Mas eu não estou interessado em nenhuma teoria Em nenhuma fantasia, nem no algo mais Longe, o profeta do terror que a laranja mecânica anuncia Amar e mudar as coisas me interessa mais Amar e mudar as coisas Amar e mudar as coisas me interessa mais Um preto, um pobre Uma estudante, uma mulher sozinha Blue jeans e motocicletas, pessoas cinzas normais Garotas dentro da noite, revólver: Cheira cachorro Os humilhados do parque com os seus jornais Carneiros, mesa, trabalho Meu corpo que cai do oitavo andar E a solidão das pessoas dessas capitais A violência da noite, o movimento do tráfego Um rapaz delicado e alegre que canta e requebra, é demais! Cravos, espinhas no rosto Rock, hot dog Play it cool, baby Doze jovens coloridos, dois policiais Cumprindo o seu duro dever E defendendo o seu amor e nossa vida Cumprindo o seu duro dever E defendendo o seu amor e nossa vida Mas eu não estou interessado em nenhuma teoria Em nenhuma fantasia, nem no algo mais Longe, o profeta do terror que a laranja mecânica anuncia Amar e mudar as coisas me interessa mais Amar e mudar as coisas Amar e mudar as coisas me interessa mais ]",Belchior
Amor e Crime,False,"Amor, não há amor Existem só provas de amor Mas, no amor, provas não bastam Tudo mentira Tudo cinema Apenas cenas Quando, em ledo engano-me, acenas Regressando em algum trem Ah! Essa história de amor Porque uns barcos se afastam E mil sereias cantam sem pudor Oh! Que trágico destino Preferi-ser o assassino Ao amante mais leal É que bandidos são úteis E nós, os amantes, fúteis Vulgaridade do mal Amar agora e crime Só a paixão nos redime Da obsessão do sublime Do ideal Tudo romance, tudo poema, apenas cenas Fazer mal do amor E a glória? E o sofrer, da paz? A quem? Ah! Essa história de dor Buscar o amor sem vitória Voltar feliz, sem memória Ao paraíso terreal ]",Belchior / francisco Casaverde
Apenas Um Rapaz Latino Americano,False,"Eu sou apenas um rapaz latino-americano Sem dinheiro no banco, sem parentes importantes E vindo do interior Mas trago de cabeça uma canção do rádio Em que um antigo compositor baiano me dizia Tudo é divino, tudo é maravilhoso Mas trago de cabeça uma canção do rádio Em que um antigo compositor baiano me dizia Tudo é divino, tudo é maravilhoso Tenho ouvido muitos discos, conversado com pessoas Caminhado meu caminho, papo, som, dentro da noite E não tenho um amigo sequer que 'inda acredite nisso, não Tudo muda! E com toda razão Eu sou apenas um rapaz latino-americano Sem dinheiro no banco, sem parentes importantes E vindo do interior Mas sei que tudo é proibido Aliás, eu queria dizer que tudo é permitido Até beijar você no escuro do cinema Quando ninguém nos vê Mas sei que tudo é proibido Aliás, eu queria dizer que tudo é permitido Até beijar você no escuro do cinema Quando ninguém nos vê Não me peça que eu lhe faça uma canção como se deve Correta, branca, suave, muito limpa, muito leve Sons, palavras, são navalhas E eu não posso cantar como convém Sem querer ferir ninguém Mas não se preocupe, meu amigo Com os horrores que eu lhe digo Isto é somente uma canção A vida realmente é diferente Quer dizer, ao vivo é muito pior E eu sou apenas um rapaz latino-americano Sem dinheiro no banco Por favor, não saque a arma no saloon Eu sou apenas o cantor Mas, se depois de cantar, você ainda quiser me atirar Mate-me logo, à tarde, às três Que à noite eu tenho um compromisso e não posso faltar Por causa de vocês Mas, se depois de cantar, você ainda quiser me atirar Mate-me logo, à tarde, às três Que à noite eu tenho um compromisso e não posso faltar Por causa de vocês Eu sou apenas um rapaz latino-americano Sem dinheiro no banco, sem parentes importantes E vindo do interior Mas sei que nada é divino Nada, nada é maravilhoso Nada, nada é secreto Nada, nada é misterioso, não Na na na na na na na na Na na na na ]",Belchior
Arte Final,False,"Desculpe qualquer coisa, passe outro dia Agora eu estou por fora, volto logo Não perturbe, pra vocês eu não estou Sessão de nostalgia, isto é lá com minha tia Isto é lá com minha tia! Alô, presente, estou chegando Alô futuro, já vou! Alô, presente, estou chegando Alô futuro, já vou! Ora, Ora! Até vocês que ouvi dizer São gente quase honesta Ora, ora! Até vocês os reis da festa Ora, essa! Não confiam mais em mim! E me tratam como tratam mulher, preto Todos entramos no gueto Quando a coisa entrou no ar Mas pegue leve, não empurre, seja breve Conheço o meu lugar! Mas pegue leve, não empurre, seja breve Conheço o meu lugar! Dancei, sei que dancei Dancei meu bem! Mas vem que ainda tem! Dancei, sei que dancei Dancei meu bem! Mas vem que ainda tem! Dancei, sei que dancei Dancei meu bem! Mas vem que ainda tem! Dancei, sei que dancei Dancei meu bem! Mas vem que ainda tem! E então, my friends? Bastou vender a minha alma ao diabo E lá vem vocês seguindo o mau exemplo Entrando numas de vender a própria mãe Alguém se atreve a ir comigo Além do shopping center? Hein? Hein? Ah! Donde están los estudiantes? Os rapazes latino-americanos? Os aventureiros? Os anarquistas? Os artistas? Os sem-destino? Os rebeldes experimentadores? Os benditos? Malditos? Os renegados? Os sonhadores? Esperávamos os alquimistas, e lá vem chegando os bárbaros Os arrivistas, os consumistas, os mercadores Minas, homens não há mais? Entre o Céu e a Terra não há mais nada Do que sex, drugs and Rock 'n' Roll? Por que o Adeus às armas? Não perguntes por quem os sinos dobram Eles dobram por ti! Ora, senhoras! Ora, senhores! Uma boa noite lustrada de neon pra vocês E o último a sair apague a luz azul do aeroporto E ainda que mal me pergunte A saída será mesmo o aeroporto? ]",Belchior / Gracco / Jorge Mello
Até Amanhã,False,"Até amanhã Se o homem quiser - mesmo se chover Volto pra viver mulher Até amanhã Se houver amanhã - se eu vir amanhã Mando alguém dizer como é Acorda amor O sono acabou, Maria Bonita Vem fazer o café O homem comum inda nem levantou Mas a policia já está de pé Até amanhã Se o homem quiser - mesmo se chover Volto pra viver mulher Até amanhã Se houver amanhã - se eu vir amanhã Mando alguém dizer como é ]",Belchior
Ate Mais Ver,False,"Ate mais ver, ate mais ver, meu camarada. Contigo em mim e ainda em ti, vou indo em dois qualquer distancia entre nos, tornada em nada, só assinala um novo encontro pra depois. Só long sem gesto, um bie ao leu.. Não diga sorte Não fale adeus que enruga o olhar mais compassivo se, sob o sol, nada mais velho e vil que a morte, quem viu, na vida, novidade em estar vivo? ]",Belchior
Bahiuno,False,"Já que o tempo fez-te a graça de visitares o Norte, leva notícias de mim Diz àqueles da província que já me viste a perigo: Na cidade grande enfim Conta aos amigos doutores que abandonei a escola pra cantar em cabaré, baiões Bárbaros, baihunos, com a mesma dura ternura que aprendi na estrada e em Che Ah! Metrópole violenta que extermina os miseráveis, negros párias, teus meninos! Mais uma estação no inferno, Babilônia, Dante eterno! Há Minas? Outros destinos? Conta àquela namorada que vai ser sempre o meu céu, mesmo se eu virar estrela (O par de botas de couro combina com o meu cabelo, já tão grande quanto o dela) E, no que toca à, família, dá-lhe um abraço apertado, que a todos possa abarcar Fora-da-lei, procurado me convém família unida contra quem me rebelar Cai o Muro de Berlim - cai sobre ti, sobre mim, nova ordem mundial Camisa-de-força-de-Vênus, Ah! Quem compraria, ao menos, o velho gozo animal? Já que o tempo fez-te a graça de visitares o Norte, leva noticias de mim O cara caiu na vida, vendo seu mundo tão certo, assim tão perto do fim Dá flores ao comandante que um dia te dispensou do serviço militar Ah! Quem precisa de heróis: Feras que matam na guerra e choram de volta ao lar Gênios-do-mal tropicais, poderosos bestiais, vergonha da Mãe Gentil Fosse eu um Chico, Gil, um Caetano, e cantaria, todo ufano: Os Anais Da Guerra Civil Ao pastor de minha igreja diz que essa ovelha jamais vai ficar branquinha Não vendi a alma ao diabo. O diabo viu mau negócio nisso de comprar a minha Se meu pai, se minha mãe se perguntarem, sem jeito - Onde foi que a gente errou? Elogiando a loucura, e pondo-me entre os sonhadores, diz que o show já começou Trogloditas, traficantes, neonazistas, farsante: Barbárie, devastação O rinoceronte é mais decente do que essa gente demente do Ocidente tão cristão ]",Belchior
Baihuno,False,"Já que o tempo fez-te a graça de visitares o Norte, leva notícias de mim Diz àqueles da província que já me viste a perigo: na cidade grande enfim Conta aos amigos doutores que abandonei a escola pra cantar em cabaré, baiões Bárbaros, baihunos, com a mesma dura ternura que aprendi na estrada e em Che Ah! metrópole violenta que extermina os miseráveis, negros párias, teus meninos! Mais uma estação no inferno, Babilônia, Dante eterno! há Minas? Outros destinos? Conta àquela namorada que vai ser sempre o meu céu, mesmo se eu virar estrela (E aquelas botas de couro combinam com o meu cabelo, já tão grande quanto o dela) E, no que toca à, família, dá-lhe um abraço apertado, que a todos possa abarcar Fora-da-lei, procurado me convém família unida contra quem me rebelar Cai o Muro de Berlim - cai sobre ti, sobre mim, Nova Ordem Mundial Camisa-de-força-de-vênus... Ah! quem compraria, ao menos, o velho gozo animal? Já que o tempo fez-te a graça de visitares o Norte, leva noticias de mim O cara caiu na vida, vendo seu mundo tão certo, assim tão perto do fim Dá flôres ao comandante que um dia me dispensou do serviço militar Ah! quem precisa de heróis: feras que matam na guerra e choram na volta ao lar Gênios-do-mal tropicais, poderosos bestiais, vergonhas de Mãe Gentil Fosse eu um Chico, um Gil, um Caetano, e cantaria, todo ufano: ""Os Anais Da Guerra Civil"" Ao pastor de minha igreja reza que essa ovelha negra jamais vai ficar branquinha - Não vendi a alma ao diabo... O diabo viu mau negócio nisso de comprar a minha Se meu pai, se minha mãe se perguntarem, sem jeito - Onde foi que a gente errou? Elogiando a loucura, e pondo-me entre os sonhadores, diz que o show já começou Trogloditas, traficantes, neonazistas, farsantes: barbárie, devastação O rinoceronte é mais decente do que essa gente demente do Ocidente tão cristão ]",Belchior / francisco Casaverde
Balada de Madame Frigidaire,False,"Ando pós-modernamente apaixonado pela nova geladeira Primeira escrava branca que comprei, veio e fez a revolução Esse eterno feminino do conforto industrial injetou-se em minha veia, dei bandeira! E ao por fé nessa deusa gorda da tecnologia gelei de pura emoção! Ora, desde muito adolescente me arrepio ante empregada debutante Uma elétrica doméstica então, que sex-appeal! Dá-me o frio na barriga! Essa deusa da fertilidade, ready made à la Duchamp, já passou de minha amante Virou super-star, a mulher ideal, mais que mãe, mais que a outra Puta amiga! Mister Andy, o papa pop, e outro amigo meu, xarope, se cansaram de dizer Pra que Deus, Dinheiro e Sexo, Ideal, Pátria e Família se alguém já tem Frigidaire? É Freud, rapaziada! Vir a cair na cantada dum objeto-mulher Oh, eu me confundo, madame! E a classe média que mame se o céu, a prazo, se der! Que brancor no abre e fecha sensual dessa Nossa Senhora Ascéptica! Com ela eu saio e traio a televisão, rainha minha e de vocês Dona Frigidaire me come, but no kids double income! Filho compromete a estética! Oh, como Édipo-Rei-Momo, como e tomo tudo dela, deleites da frigidez! Inventores de Madame Frigidaire, peço bis! Muito obrigado! Afinal, na geladeira, bem ou mal, pôs-se o futuro do país E um futuro de terceira, posto assim na geladeira, nunca vai ficar passado Oh, queira Deus que no fim da orgia, já de cabecinha fria, não leve um doce gelado! Mister Andy, o papa pop, e outro amigo meu, xarope, se cansaram de dizer Pra que Deus, Dinheiro e Sexo, Ideal, Pátria e Família se alguém já tem Frigidaire? É Freud, rapaziada! Vir a cair na cantada dum objeto mulher Oh, mas que trocadilho infame! La femme est là-dedans, pourtant j'ai dis au contraire! ]",Belchior
Balada do Amor,False,"Não quero amar, não! Nunca mais que esse negocio de amor já não se faz sem punhais. Mister dos mistérios tais Ah! Eu nasci perdedor. Pra que mentir de fingidor das dores tão reais. Que romantismo e insolência torna-se o amor em violência só à paixão luz natural tesão de deusa pagã que vence o amor a La D.Juan certeza e gloria de fazer o mal. Amor que move o sol e outras estrelas... Ah! Quem penou a luz delas, esses eu conheço de outros carnavais. Deixem-me ser aprendiz do amor perverso, do amor feliz. Lugar comum de anjos e animais. ]",Belchior / francisco Casaverde
Bebelo,False,b be bel b belo be belo belo bel belo bel belo belo belo belo belo belo belo belo É B O B A G E M b bla bla bla ba bla bla bla bal B L A b bala ba bala bala bal bala bal bala bala bala bala bala bala bala	 bala E M B A L A G E M	 tra tra tra tra tra tra T R A ],Belchior
Beijo Molhado,False,"Um beijo molhado, escandalizado Mas sintonizado em nossa estação Um beijo comprado no supermercado Transistorizado beijo do Japão Only you, only you sabe dar! Marilyn, Greta, Marlene Deusas que eu amei com as mãos Na fumaça azul do cinema Poeira de estrelas, de sexo, ilusão Menina, quanta saúde! Fascination, Hollywood de cartão postal, lamê Tesouro da juventude, Cuba libre, anti-ilha do tesouro Que eu ganhei na matinê Moças, bonecas de louça, fofinhas, dolores de mi pasión Oh! Diana suburbana, sul americana, suja de batom Oh! Deusa da discoteca! Oh! Musa do fliperama, meu bichinho de neon Vamos, de motocicleta, tomar um sorvete Na lanchonete sempre rola um som Only you, only you sabe ser, sabe dar Que coisa louca Que céu da boca! Um beijo no carro No banco de trás Pelvis no rock Me pegue, me toque Saques de sax Você é demais! Al dia lá delle cose piu belle Ci sei tu, ci sei tu Al di lá, delle stille Ci sei tu perme ]",Belchior
Bel Prazer,False,"Libertar a carne e o espírito Coração, cabeça e estômago; Libertar a carne e o espírito Coração, cabeça e estômago; O verbo, o ventre, o pé, o sexo, o cérebro: Tudo o que pode ser e ainda não é. O verbo, o ventre, o pé, o sexo, o cérebro: Tudo o que pode ser e ainda não é. Teu corpo é meu coro, oh! irene. E eu quero é ir, irene preta, ao bom humor. Só o homem feito, o homem forte, Não tem peito pra chorar, En la vereda tropical Hay cana e canela e crecen las palmas Y yo soy un hombre sincero Quero um ombro pra abraçar. En la vereda tropical Hay cana e canela e crecen las palmas Y yo soy un hombre sincero Quero um ombro pra abraçar. Achar ou inventar um lugar, Tão humano como o corpo, Onde pensar e gozar, Seja livre e tão legal: Como razões de estado Ou como fazer justiça; Como palavras num muro Ou escrever num jornal; Entrar ou sair da escola, Mulher-homem, homem-mulher; Como luar no sertão, Como lua artificial, Como roupas comuns, Como bandeiras agitadas. Festival estranho: festa, Feriado nacional Como roupas comuns, Como bandeiras agitadas. Festival estranho: festa, Feriado nacional ]",Belchior
Bossa Em Palavrões,False,"Oh, não me telefones nunca mais Longe as falas sensuais dentre os lençóis Pois tua voz diz no computador, com puta dor Que outra voz paz; jaz muda já lá atrás No tempo em que falavam os animais Não compro às violeteras imorais Pois não bato em mulher nem com uma flor São de tal arte os negócios do amor, que sem pudor É posto a parte qualquer amador O amor é coisa pra profissionais Sem telefone não me cantarias Pois eu, sem flores como em tantos dias Cortara na palmeira e em rubro uns corações Comprar a rosa a faz ou não ser minha Me ouves tão perto, a culpa é só da linha Sorriso, amor e flor são hoje bossa em palavrões A gente cega a quem Deus quer perder Faz ver mais no milhão que no prazer. ]",Belchior
Brasileiramente Linda,False,"Olha-me, oh, yes! Oh, yes! Brasileiramente linda, oh, yes! Oh, yes! Brasileiramente linda Mente brasileira mente lindamente brasileira Envolve-me, oh, yes! Oh, yes! Brasileiramente linda, oh, yes! Oh, yes! Lindamente brasileira Eu não vou querer O amor somente é tão banal Busco a paixão fundamental Edípica e vulgar De inventar meu próprio ser Oh! Senhora dona cândida Coberta de ouro e prata Descubra seu corpo-rosto Nós queremos ver-lhe a alma Antes que algum rouxinol Diga que é dia, é de manhã O Sol já vem: Here comes the Sun! Vem, estrela camponesa Vênus, nuvem nua, Lua nova, anjo fêmera E beija-me, oh, yes! Oh, yes! Como se eu fosse um homem livre, oh, yes! Oh, yes! Como um gesto primitivo, oh, yes! Oh, yes! Do amor humano, animal, substantivo Do amor humano, moreno, brasileiro No Brasil e no estrangeiro O maior amor do ano no cinema americano ]",Belchior
Brincando Com a Vida,False,"Eu escolhi a vida como minha namorada Com quem vou brincar de amor a noite inteira Eu estou sempre em perigo E a minha vida sempre está por um triz Se vejo correr uma estrela no céu, eu digo Deus te guie, zelação, amanhã vou ser feliz É caminhando que se faz o caminho Quem dera a juventude a vida inteira Eu escolhi a vida como minha namorada Com quem vou brincar de amor a noite inteira Vida, eu quero me queimar no teu fogo sincero Espero que a aurora chegue logo Vida, eu não aceito, não! A tua paz Porque meu coração é delinquente, juvenil Suicida, sensível demais Vida, minha adolescente companheira A vertigem, o abismo, me atrai É esta a minha brincadeira Eu estou sempre em perigo O Dia D, a hora H, a corda bamba O bang, o clic do gatilho Vida, agora eu te conheço Calma! A tudo eu prefiro a minha alma E quero que isto seja o meu brilho Vida, agora eu te conheço Calma! A tudo eu prefiro a minha alma E quero que isto seja o meu brilho E o meu preço ]",Belchior
Brotinho de Bambu,False,"Oh! Meu brotinho de bambú Delicadeza de rosal amante. Um leque, um chá da china, um hai-cai és tu Menina moça, fina massa, porcelana Rã de manhã de sol de rouxinol Meu e, meu vê, meu a(h!) xé, Ié, Ié E é a clara caligrafia lê A alegria com que encanto é! E a melodia em que me verso vê A energia com que digo: Dê A primazia a ser feliz e sê já! ]",Belchior
Canção de Gesta de Um Trovador Eletrônico,False,"O som do alto falante Rolava e me dava um toque E Chuck Berry, berrando Em sua guitarra, era um choque Cometas Halley passando, Astros no pó de Woodstock, Cabeças, pedras rolantes Jim, Jimi, John, Janis Joplin E a moçada do subúrbio, Cinema, topetes, motos... Rock, rock, rock, rock, rock, Cai na estrada tirana: (A juventude é um dom!) Garotas, sonhos, mil transas, Como dar bandeira é bom! Olhando a cidade grande Cheia de fúria e de som; Querendo ser uma estrela De sexo, laser e neon... Cidade grande é uma droga Mas o rock dá o tom Rock, rock, rock, rock, rock, São mil milhões de habitantes deste parque industrial: Negros, mulheres, menores Filhos da crise geral Iguais pela mesma bomba Que vai cair no quintal Ídolo de Deus dos esgotos A musa urbana me fez Meu sucesso é saber disso E bater tudo pra vocês Num rock, rock, rock, rock, rock. ]",Belchior / Jorge Mello
Carisma,False,"Deu a vida pelos seus: isto é mais forte que a morte, mais importante que Deus; que Deus e o Mundo; que Deus e todo mundo. Sua voz, morta, ainda canta; ainda espanta o mau agouro, nessa terra, onde o silêncio, literalmente, é de ouro. Eu nasci lá, numa terra, onde o céu é o próprio chão. ]",Belchior
Caso Comum de Trânsito,False,"Faz tempo que ninguém canta uma canção falando fácil Claro-fácil, claramente das coisas que acontecem todo dia Em nosso tempo e lugar Você fica perdendo o sono Pretendendo ser o dono das palavras Ser a voz do que é novo E a vida, sempre nova, acontecendo de surpresa Caindo como pedra sobre o povo À tarde Quando eu volto do trabalho Mestre Joaquim pergunta assim pra mim Como vão as coisas? Como vão as coisas? Como vão as coisas, menino? E eu respondo assim Minha namorada voltou para o norte Ficou quase louca e arranjou um emprego muito bom Meu melhor amigo foi atropelado, voltando para casa Caso comum de trânsito Caso comum de trânsito Caso comum de trânsito Pela geografia Aprendi que há, no mundo, um lugar Onde um jovem como eu pode amar e ser feliz Procurei passagem: Avião, navio Não havia linha praquele país E aquele poeta, moreno e latino Que, em versos de sangue, a vida e o amor escreveu Onde é que ele anda? Ninguém sabe dele Fez uma viagem? Não, desapareceu Deita ao meu lado Dá-me o teu beijo Toda a noite o meu corpo será teu Eles vêm buscar-me na manhã aberta A prova mais certa que não amanheceu Não amanheceu, menina Não amanheceu, ainda ]",Belchior
Clamor No Deserto,False,"Eh! Meus amigos Um novo momento precisa chegar Eu sei que é difícil começar tudo de novo Mas eu quero tentar A minha garota não me compreende E diz que, desse jeito, eu apresso o meu fim Fala que o pai dela é lido e corrido E sabe que a América toda é assim Quem me conhece me pede que eu seja mais alegre Mas é que nada acontece que alegre meu coração Dá no jornal, todo dia, o que seria o meu canto Que o negócio é falar do luar do sertão Eh! Meus amigos Um novo momento precisa chegar Eu sei que é difícil começar tudo de novo Mas eu quero tentar Ano passado, apesar da dor e do silêncio Eu cantei como se fosse morrer de alegria Hoje, eu lhe falo em futuro e você tira o revólver Puxa o talão de cheque e me dá um bom dia Sei que não é possível dizer todas as coisas Nesse feliz ano novo que a gente ganhou Mas falta só algum tempo para 1-9-8-4 Agora estou em paz: O que eu temia chegou ]",Belchior
Comentário a Respeito de John,False,"Saia do meu caminho Eu prefiro andar sozinho Deixem que eu decida A minha vida Não preciso que me digam De que lado nasce o sol Porque bate lá meu coração Sonho e escrevo em letras grandes, de novo Pelos muros do país João! O tempo andou mexendo com a gente, sim John! Eu não esqueço A felicidade é uma arma quente Quente, quente Saia do meu caminho Eu prefiro andar sozinho Deixem que eu decida a minha vida Han! Han! Não preciso que me digam De que lado nasce o sol Porque bate lá meu coração Hum! Hum! Sob a luz do teu cigarro na cama Teu gosto ruge, teu batom me diz João! O tempo andou mexendo com a gente, sim John! Eu não esqueço A felicidade é uma arma quente Quente, quente ]",Belchior / José Luis Penna
Como Nossos Pais,False,"Não quero lhe falar, meu grande amor Das coisas que aprendi nos discos Quero lhe contar como eu vivi E tudo o que aconteceu comigo Viver é melhor que sonhar E eu sei que o amor é uma coisa boa Mas também sei que qualquer canto É menor do que a vida de qualquer pessoa Por isso, cuidado, meu bem Há perigo na esquina Eles venceram e o sinal está fechado pra nós Que somos jovens Para abraçar meu irmão E beijar minha menina na rua É que se fez o meu lábio O meu braço e a minha voz Você me pergunta pela minha paixão Digo que estou encantado como uma nova invenção Vou ficar nesta cidade, não vou voltar pro sertão Pois vejo vir vindo no vento o cheiro da nova estação E eu sinto tudo na ferida viva do meu coração Já faz tempo, eu vi você na rua Cabelo ao vento, gente jovem reunida Na parede da memória Esta lembrança é o quadro que dói mais Minha dor é perceber Que apesar de termos feito tudo, tudo, tudo, tudo o que fizemos Ainda somos os mesmos e vivemos Ainda somos os mesmos e vivemos Como os nossos pais Nossos ídolos ainda são os mesmos E as aparências, as aparências não enganam, não Você diz que depois deles não apareceu mais ninguém Você pode até dizer que eu estou por fora Ou então que eu estou enganando Mas é você que ama o passado e que não vê É você que ama o passado e que não vê Que o novo, o novo sempre vem E hoje eu sei que quem me deu a ideia De uma nova consciência e juventude Está em casa guardado por Deus Contando os seus metais Minha dor é perceber Que apesar de termos feito tudo, tudo, tudo, tudo o que fizemos Ainda somos os mesmos e vivemos Ainda somos os mesmos e vivemos Ainda somos os mesmos e vivemos Como os nossos pais ]",Belchior
Como o Diabo Gosta,False,"Não quero regra nem nada Tudo tá como o diabo gosta, tá Já tenho este peso, que me fere as costas e não vou, eu mesmo, atar minha mão O que transforma o velho no novo bendito fruto do povo será E a única forma que pode ser norma é nenhuma regra ter é nunca fazer nada que o mestre mandar Sempre desobedecer Nunca reverenciar ]",Belchior
Como Se Fosse Pecado,False,"É claro que eu quero o clarão da lua. É claro que eu quero o branco no preto. Preciso, precisamos, da verdade nua e crua, Mas não vou remendar vosso soneto. (Batuco um canto concreto pra balançar o coreto.) Por enquanto, o nosso canto é entre quatro paredes, como se fosse pecado, como se fosse mortal. Segredo humano, pro fundo das redes, tecendo a hora em que a aurora for geral. Por enquanto, estou crucificado e varado pela lança, que não cansa de ferir... Mas, neste bar do Oeste-Nodeste-Sul, falo cifrado: - Hello, bandidos! Bang! É hora de fugir. Mas, quando o canto for tão natural como o ato de amar, como andar, respirar, dar a vez à voz dos sentidos. Virgem Maria-dama do meu cabaré, quero gozar toda noite sobre tus pechos dormidos. Romã, romã quem dançar, quem deixar a mocidade louca, mas daquela loucura que aventura a estrada e a estrela do amanhã e aquela felicidade, arma quente. Quem haverá que aguente tanta mudez sem perder a saúde? (A palavra era um dom, era bom, era conosco, era uma vez...) Felicidade, arma quente, com coisa quente é que eu brinco. Take it easy, my brother Charles, Anjo 45! Tá qualquer coisa, meu irmão. Mas use o berro e o coração que a vida vem no fim mês... ]",Belchior
Conheço o Meu Lugar,False,O que é que pode fazer o homem comum Neste presente instante senão sangrar? Tentar inaugurar A vida comovida Inteiramente livre e triunfante? O que é que eu posso fazer Com a minha juventude Quando a máxima saúde hoje É pretender usar a voz? O que é que eu posso fazer Um simples cantador das coisas do porão? Deus fez os cães da rua pra morder vocês Que sob a luz da lua Os tratam como gente - é claro! - aos pontapés Era uma vez um homem e o seu tempo Botas de sangue nas roupas de Lorca Olho de frente a cara do presente e sei Que vou ouvir a mesma história porca Não há motivo para festa: Ora esta! Eu não sei rir à toa! Fique você com a mente positiva Que eu quero é a voz ativa (ela é que é uma boa!) Pois sou uma pessoa Esta é minha canoa: Eu nela embarco Eu sou pessoa! A palavra pessoa hoje não soa bem Pouco me importa! Não! Você não me impediu de ser feliz! Nunca jamais bateu a porta em meu nariz! Ninguém é gente! Nordeste é uma ficção! Nordeste nunca houve! Não! Eu não sou do lugar dos esquecidos! Não sou da nação dos condenados! Não sou do sertão dos ofendidos! Você sabe bem: Conheço o meu lugar! ],Belchior
Coração Selvagem,False,"Meu bem, guarde uma frase pra mim dentro da sua canção Esconda um beijo pra mim sob as dobras do blusão Eu quero um gole de cerveja No seu copo, no seu colo e nesse bar Meu bem, o meu lugar é onde você quer que ele seja Não quero o que a cabeça pensa, eu quero o que a alma deseja Arco-íris, anjo rebelde, eu quero o corpo Tenho pressa de viver Mas quando você me amar, me abrace e me beije bem devagar Que é para eu ter tempo, tempo de me apaixonar Tempo para ouvir o rádio no carro Tempo para a turma do outro bairro ver e saber que eu te amo Meu bem, o mundo inteiro está naquela estrada ali em frente Tome um refrigerante, coma um cachorro-quente Sim, já é outra viagem E o meu coração selvagem tem essa pressa de viver Meu bem, mas quando a vida nos violentar Pediremos ao bom Deus que nos ajude Falaremos para a vida Vida, pisa devagar, meu coração, cuidado, é frágil Meu coração é como vidro, como um beijo de novela Meu bem, talvez você possa compreender a minha solidão O meu som e a minha fúria, e essa pressa de viver E esse jeito de deixar sempre de lado a certeza E arriscar tudo de novo com paixão Andar caminho errado pela simples alegria de ser Meu bem, vem viver comigo, vem correr perigo, vem morrer comigo Meu bem, meu bem, meu bem Talvez eu morra jovem, alguma curva do caminho Algum punhal de amor traído completará o meu destino Meu bem, vem viver comigo, vem correr perigo, vem morrer comigo Meu bem, meu bem, meu bem Meu bem, meu bem, meu bem Que outros cantores chamam baby Que outros chamam baby Que outros chamam baby, meu bem ]",Belchior
Corpos Terrestres,False,"Osculetur me oscule oris suis Ideo adolescentulae dilexerunt te Nigra sum sent formosa (But tomorrow is another day anyway) Nolite me considerare quod fusca sim Quia decoloravit me sol - It's alright, ma! (I'm only bleeding) Here comes the Sun Indica mihi quem, dirigit anima mea Ube pascas, ube cubes in meridie (Come with me and be my love) Ego dilecto meo, et dilectos meus mihi (I've got you under my skin... Oh! Really?) Ego flos campi Et lilium convallium Veni, dilecte mi egrediamur in agrum Commoremur in villis Ibi dabo tibi ubera mea Quam pulchra es, amica mea, quam pulchra es! Umbilicus tuus crater tornalitis Numquam indigens poculis Venter tuus sicut acervus tritici Vallatus liliis Duo ubera tua sicut duo hinnuli Gemelli capreae (Absque occultis tuis!) Apori mihi, 'soror mea, amica mea Columba mea, immaculata mea Dilectus meus misit manum sua per foramen Et venter meus intremuit ad tactum eius Qui faciemus sorori nostrae In die quando alloquenda est? Sub arbore malo suscitavi te Ibi corrupta est mater tua Ibi violata est genitrix tua Pone me ut signaculum super cor tuum Ut signaculum super brachium tuum Que fortis est ut mors dilectio ]",Belchior
Cuidar do Homem,False,"Cuidar do homem Cuidar do homem Solução, rima, Raimundo É chegado o fim de tudo E o mundo pode acabar De tanto ver, fiquei cego Surdo de tanto escutar Ainda me sinto gente Mas não posso respirar Tem veneno em toda terra Mil fumaças pelo ar Não tem pássaro nem bicho E monte líquido de lixo Se tornou a água do mar Cuidar do homem Cuidar do homem Pra quem pensava que Hiroshima, meu amor, tinha sido exemplar Há Bomba N, há de Hidrogênio, há Bomba Atômica Só quem não tem nenhuma simpatia pela raça humana pode insitir Num desrespeito tão flagrante ao direito de existir Talvez, se esses caras tivessem uma bela dama, um amor puro Fizessem fama, sobre a cama, como autores do futuro Por isso, enquanto esses dementes tomam por amantes bombas e usinas Eu canto, eu danço, eu fumo, eu bebo, eu como, eu gozo com essas meninas E se você vier com essa: Que sou ingênuo, artista louco Digo: Eu concordo Eu pinto, eu bordo, eu vivo muito e ainda acho pouco Por isso é sempre novo afirmar: Não faça a guerra Faça o amor e viva a vida e seus instintos no poder da flor ]",Belchior
Dandy,False,"Mamãe quando eu crescer Eu quero ser artista Sucesso, grana e fama são o meu tesão Entre os bárbaros da feira Ser um reles conformista Nenhum supermercado satisfaz meu coração Mamãe quando eu crescer Eu quero ser rebelde Se conseguir licença Do meu broto e do patrão Um gandhi dandy, um grande Milionário socialista De carrão chegou mais rápido à revolução Ahh! Quanto rock dando toque, tanto blues E eu de óculos escuros vendo a vida e mundo azul Mamãe quando eu crescer Eu quero ser adolescente No planeta juventude Haverá vida inteligente? Plantar livro, escrever árvores Criar um filho feliz Um porquinho pra fazer de novo tudo o que eu já fiz Ahh! Quanto rock dando toque, tanto blues E eu de óculos escuros vendo a vida e mundo azul ]",Belchior
De Primeira Grandeza,False,"Quando eu estou sob as luzes Não tenho medo de nada E a face oculta da Lua Que era minha aparece iluminada Sou o que escondo sendo uma mulher Igual a tua namorada Mas o que vês Quando me mostro estrela de grandeza inesperada Musa, deusa, mulher, cantora e bailarina A força masculina atrai não é só ilusão A mais que a história fez e faz o homem se destina A ser maior que Deus por ser filho de Adão Anjo, herói, Prometeu, poeta e dançarino A glória feminina existe e não se fez em vão E se destina à vida, ao gozo, a mais do que imagina O louco que pensou a vida sem paixão Musa, deusa, mulher, cantora e bailarina A força masculina atrai não é só ilusão A mais que a história fez e faz o homem se destina A ser maior que Deus por ser filho de Adão Anjo, herói, Prometeu, poeta e dançarino A glória feminina existe e não se fez em vão E se destina à vida, ao gozo, a mais do que imagina O louco que pensou a vida sem paixão ]",Belchior
Depois Das Seis,False,"Quando a fábrica apitou e o trabalho terminou, todo mundo se mandou, sem desejos de voltar. Como o mar não tá pra peixe, ai, mulata, não negues teu cabelo. E, aproveitando esta deixa, vem viver, me comer, vem me dar, renascer, descansar. O sol posto enxuga o suor do meu rosto, que eu não sou cativo por gosto: estou vivo e berrando da geral. E a moçada é que faz de fato a festa, em cidade como esta, onde ser gente é imoral. - Conheço a lua e não conheço o meu quintal. - A culpa é tua. Eu cantei todo esse mal. Eu... A andorinha contou que, sozinha, canta, mas não faz verão. Tem boi na linha. É o mesmo trem, a mesma estação. Resumindo: -Até logo, eu vou indo. Que é que estou fazendo aqui? Quero outro jogo, que este é fogo de engolir. ]",Belchior
Divina Comédia Humana,False,"Estava mais angustiado que um goleiro na hora do gol Quando você entrou em mim como um sol no quintal Aí um analista, amigo meu, disse que desse jeito não vou ser feliz direito Porque o amor é uma coisa mais profunda que um encontro casual Aí um analista, amigo meu, disse que desse jeito não vou viver satisfeito Porque o amor é uma coisa mais profunda que uma transa sensual Deixando a profundidade de lado Eu quero é ficar colado à pele dela noite e dia Fazendo tudo e de novo dizendo sim à paixão, morando na filosofia Deixando a profundidade de lado Eu quero é ficar colado à pele dela noite e dia Fazendo tudo e de novo dizendo sim à paixão, morando na filosofia Eu quero gozar no seu céu, pode ser no seu inferno Viver a divina comédia humana onde nada é eterno Eu quero gozar no seu céu, pode ser no seu inferno Viver a divina comédia humana onde nada é eterno Ora direis, ouvir estrelas, certo perdeste o senso E eu vos direi, no entanto Enquanto houver espaço, corpo, tempo e algum modo de dizer não, eu canto Ora direis Ora direis, ouvir estrelas, certo perdeste o senso E eu vos direi, no entanto Enquanto houver espaço, corpo, tempo e algum modo de dizer não, eu canto Enquanto houver espaço, corpo, tempo e algum modo de dizer não, eu canto Enquanto houver espaço, corpo, tempo e algum modo de dizer não, eu canto ]",Belchior
"Do Mar, do Céu, do Campo",False,"Fê-pê, lê-pê, o-pô, rê-pê A flor do mar, o céu: Rose selavy Lê-pê, a-pá, ga-pá, o-pô, o-pô, quê-pê A giocondadá, flor do campo Ay! Minha moça ready made passando de virgem à noiva My non sense of humour, minha máquina de viver Ay! Fonte. Um nu descendo um novo lance de escadados O rei, a rainha, o cavalo, o peão, o grande vidro de xadrez Cê-pê, a-pá, nê-pê, tê-pê, a-pá, rê-pê Cantar o mar no céu, la vie en rose aqui Estuve pensando en ti, xyz de mi problema A culpa é do cinema! A-e-I-o-u, dabliú, dabliú Na cartilha da juju, misanu A-e-I-o-u, dabliú, dabliú Que a partilha é de ubu Noiva Maria, denudada por seus parceiros solteiros Ay! Dama do meu fliperama, mulher-objeto trovado no chão Oh! Sonho que o dinheiro compra Oh! Pedra de toque, palavra closada Oh! Trova clusada E kitsh goliardo Que inventa-provença na minha canção! A/b/c/d/e/fê/guê Agá/i/k/lê/mê N/o/p/que/rê Stuv pensando en ti, xyz de mi problema A culpa é do cinema ]",Belchior
E Que Tudo Mais Vá Para o Céu,False,"Um dia você me falou, em Andaluzia e em Valladolid Granada fica além do mar, na Espanha Molhou em meu vinho seu pão E também me falou em coisas do Brasil O FMI, Tom, poeta tombado na guerra civil O homem da máquina então, então me falou Vá embora poeta maldito! O teu tempo maldito também já terminou E eu fui embora sorrindo, sem ligar pra nada; como vou ligar Para essas coisas quando eu tenho a alma apaixonada? Mas teu cabelo é mais negro que o negro Da asa da graúna, de um negro mais sutil Preto como os tipos pretos que compõem a palavra anil E à noite eu entro no CinemaScope Tecnicolor, World Vision, daqueles de cowboy De que vale a minha boa vida de playboy? E eu compro este ópio barato Por duas gâmbias, pouco mais Mas como dói... Eu entro num estádio e a solidão me rói E eu quero mandar para o alto O que eles pensam em mandar para o beleléu E que tudo mais vá para o céu E eu quero mandar para o alto O que eles pensam em mandar para o beleléu E que tudo mais vá para o céu E que tudo mais vá para o céu E que tudo mais vá para o céu ]",Belchior / Jorge Mautner
Elegia Obscena,False,"Meu bem Admire o meu carro e goze sozinha Enquanto fumo um cigarro Mas cuidado, atenção Oh! Oh! Não vá quebrar mais nenhum coração Podemos até nos deitar Mas você saberá Saberá que será Puro flertar, paraíso perdido Meros toque de Eros, um sarro, um tesão Oh! Oh! Bad bed bed times Os teus peitos no jeito E eu pego e me deleito Na flor do meu umbigo Oh! Oh! E ainda ponho a camisa Que avisa precisa I can't get no satisfaction Oh! Oh! Bad bed bed times! Onde os puros saberes Onde a fúria de seres humanos Contra a ira dos deuses Que cena obscena pedir, pedir Por favor nada de amor I can't get no satisfaction ]",Belchior
Em Resposta à Carta de Fã,False,"Baby, respondo enfim Aquela carta de fã Que você mandou pra mim Sabe, quase que eu ia fazendo A canção tropical que você me pediu Mas quem sou eu, mentalidade mediana Para imitar Jorge Ben? Por favor não confunda as coisas Toda a canção e vulgar Eu é que sou um cara difícil de domesticar Gato violento e cruel? Ora, ora Você já ouviu falar em política? Oh, não Poema, o que e um poema? Isto não é do meu tempo Tempo de sex drug and rock and roll, computador Mas não se engane! Sou do poetariado Um roqueiro fingido, estreando a vida fácil, meu amor Obrigado pelo brando do subúrbio, pelo garoto de aluguel Não sou nenhum Alain Delon Pra terminar meu livro de cabeceira Para ler com todo o corpo E aquele de que fala a elegia de donne ]",Belchior
Espacial,False,"Olha para o céu: Tira teu chapéu Pra quem fez a estrela nova - que nasceu Traz o teu sorriso novo espacial Pra quem fez a estrela artificial Eu sei que agora a vida deixa de ser vã Pois há mais luz na avenida E mais um astro na manhã Quem volta do seu campo, ao sol poente, vem dizer Que a estrela é diferente e fez o trigo aparecer Olha para o céu: Tira o teu chapéu Pra quem fez a estrela nova - que nasceu Não é pra são jorge, nem pra são joão Pois não é outra lua e não é balão Quem mora no oriente não vai se incomodar Ao ver que no ocidente a estrela quer passar Não há mais abandono nem reino de ninguém. Se a terra já tem dono, no céu ainda não tem Por isso vem; deixa o cansaço, apressa o passo E vem correndo pro terraço e abre os braços Para o espaço que houver Quem não quiser deixar a terra em que vivemos Pelos astros onde iremos vai ouvir Ver e contar tantas estrelas Quantas forem nossas naves, noutros mares mais suaves A voar, voar, voar. ]",Belchior
Extra Cool,False,"Latino-América libre! La Mamma Africaribe! Extra cool, a década da decadência! Onda blue, o verde não violência! Soul e sul, Latino-América libre! Que lundu, La Mamma Africaribe! Ai! Ai! Ai! Ai! Quanto sol! o mundo nu para breve! Tou em greve Cansongs em portunhol! Olha a dança vingando a nossa esperança, çá, çá, çá! Saia da roda a baixeza - crime de lesa-beleza! Armada só de luz, papoula a manhã! Desarmement! Je chant quelle etoile rouge... En passant! Allons, enfants! Alons, enfants! Tao eterno, que tudo o mais vá pro inferno! Oh! Folia! Tão moderno, Pierrot, Le Fou! Anarquia! Toque o deus Pan new bossa e Cubanacán Fortaleza! A flor do heavy, a leveza, e o beijo noir-neon de uma fã! Armada só de luz, papoula a manhã! Desarmement! Je chant quelle etoile rouge... En passant! Allons, enfants! Alons, enfants! Allons, enfants! Alons, enfants! Desarmement! Alons, enfants! Desarmement! Alons, enfants! Desarmement! Desarmement! Desarmement! Desarmement! ]",Belchior / Gracco
Fotografia 3X4,False,"Eu me lembro muito bem do dia que eu cheguei Jovem que desce do norte pra cidade grande Os pés cansados e feridos de andar légua tirana De lágrimas nos olhos de ler o Pessoa E de ver o verde da cana Em cada esquina que eu passava, um guarda me parava Pedia os meus documentos e depois sorria Examinando o 3x4 da fotografia E estranhando o nome do lugar de onde eu vinha Pois o que pesa no norte, pela lei da gravidade Disso Newton já sabia, cai no sul grande cidade São Paulo violento, corre o Rio que me engana Copacabana, Zona Norte E os cabarés da Lapa onde eu morei Mesmo vivendo assim, não me esqueci de amar Que o homem é pra mulher e o coração pra gente dar Mas a mulher, a mulher que eu amei Não pode me seguir, não Desses casos de família e de dinheiro eu nunca entendi bem Veloso, o sol não é tão bonito pra quem vem do norte e vai viver na rua A noite fria me ensinou a amar mais o meu dia E pela dor eu descobri o poder da alegria E a certeza de que tenho coisas novas Coisas novas pra dizer A minha história é talvez É talvez igual a tua, jovem que desceu do norte Que no sul viveu na rua E que ficou desnorteado, como é comum no seu tempo E que ficou desapontado, como é comum no seu tempo E que ficou apaixonado e violento como, como você A minha história é talvez É talvez igual a tua, jovem que desceu do norte Que no sul viveu na rua E que ficou desnorteado, como é comum no seu tempo E que ficou desapontado, como é comum no seu tempo E que ficou apaixonado e violento como, como você Eu sou como você Eu sou como você Eu sou como você que me ouve agora Eu sou como você Eu sou como você Eu sou como você Eu sou como você Eu sou como você Eu sou como você ]",Belchior
"Galos, Noites e Quintais",False,"Quando eu não tinha o olhar lacrimoso Que hoje eu trago e tenho Quando adoçava meu pranto e meu sono No bagaço de cana do engenho Quando eu ganhava esse mundo de meu Deus Fazendo eu mesmo o meu caminho Por entre as fileiras do milho verde Que ondeia, com saudade do verde marinho Eu era alegre como um rio Um bicho, um bando de pardais Como um galo, quando havia Quando havia galos, noites e quintais Mas veio o tempo negro e, à força, fez comigo O mal que a força sempre faz Não sou feliz, mas não sou mudo Hoje eu canto muito mais ]",Belchior
Humano Hum,False,"Lavrar a palavra a pá, Como quem prepara um pão. Quando o mar virar sertão, Nossa palavra será Tão humana como o pão. E o canto que soar um palavrão Se mostrará como é: Anjo de espada na mão. ]",Belchior
Joia de Jade,False,"Trago guardada num quintal dentro de mim Horto fechado que o povo chama jardim A fina flor do alecrim Cheirosa dama da noite Rosa de cheiro sem fim Trago guardada num quintal dentro de mim Horto fechado que o povo chama jardim A fina flor do alecrim Cheirosa dama da noite Rosa de cheiro sem fim Flora, abomina, deusa encarnada Mostra-me a sina, um V de verão Jasmin secreto ao Sol glorioso Um mistério gozoso pro meu coração A face oculta da Lua aparece na água do brejo Vitória-régia, a ausência total de desejo Joia de jade de onde a luz vem Lâmina animal, espelho que tudo reflete e que nada retém A paz da verdade preserva mesmo um bichinho E faz a vontade da erva e do ovo, do ninho Que as coisas sejam só o que são Eis o fausto do amor sem defeito Sujeito-objeto de nula intenção Flora, abomina, deusa encarnada Mostra-me a sina, um V de verão Jasmin secreto ao Sol glorioso Um mistério gozoso pro meu coração ]",Belchior / Dominguinhos
Jornal Blues (Canção Leve de Escárnio e Maldizer),False,"Nesta terra de doutores, magníficos reitores, leva-se a sério a comédia! A musa-pomba do Espírito Santo e não o bem comum! Inspira o bispo e o Governante Velhos católicos, políticos jovens, senhoras de idade média Sem pecado abaixo do Equador Fazem falta e inveja ao inferno de Dante Tão comum e tirar-se daqui qualquer coisa Que eu também tiraria o chapéu a vontade Aos cidadãos respeitáveis, donos de nossas vidas, pais e patrões do país Mas em vez tiro o lenço Não para enxugar, portuguesmente, a saudade Mas pra saudar num Ciao! Quem me expulsa de casa! Dar um viva excelência! E tapar o nariz! Não, não quero contar vantagem mas já passei fome com muita elegância E uns caras estranhos, ordens superiores! Já invadiram minha casa mas com muito respeito! Diabo de profissão! Ganhar com o suor de meu gosto o bendito pão e o gim das crianças! Noblesse oblige! Eu talvez seja o cara que você ama odiar, inimigo do peito! Cá em casa quem morre se torna querido, tido e havido por justo e inocente Mas pode ir tirando o cavalo da chuva Que eu não vou nessa de morrer só para agradar vocês Aluno mal comportado, pela regra da escola Devo ser reprovado, sumariamente Mas não faz mal Deixo os louros ao poeta! Lauras é o que me importa! Quero o meu dinheiro no fim do mês! Mas que poeta idiota! Canções tão tocantes dão sempre uma nota raramente vulgar! Atentado à moral e aos bons costumes, lapido diamantes, não falsos brilhantes Kitsch elegante que te mente elegantemente! Oh! Abre alas que eu quero passar! There's no business like soul business! There's no political solution, meus caros estudantes! Tá todo mundo comido, lavado, passado, bronzeado Ora, muito obrigado! Só eu não venço na vida, não ganho dinheiro Não pego mulheres, não faço sucesso! O velho blues me diz que, ateu como eu Devo manter os modos e o estilo réu confesso! Eles vão para a glória sem passar pela cama Ou Jesus não me ama ou não Entendo nada do riscado! Não toques esse disco! Não me beijes, por favor! Meu professor de filosofia me dizia que eu viveria sempre adolescente Hoje, qualquer mulher, assim que me abandona Já me tem por durão, mesmo sabendo que mente Desculpem! Infelizmente não sou à prova de som nem de amor De amor, de amor, de amor, de amor De amor, de amor, de amor, de amor ]",Belchior
Kitsch Metropolitanus,False,"Oh, comedor de hamburguer Oh, mascador de chiclete Oh, beberrão de keep cooler Vejam só que canivete! Onde era mesmo a escola? Meu broto passa gillette Garotos clones mutantes Mostrem de novo o topete Que tal usar brilhantina? No país da vaselina Quem tiver cara, me piche E eu chego feito um pivete À glória do sanduíche Que gente fina! gentinha... Rainha em puxar tapete Não posso entrar numa sala Que eles vêm de cassetete Kitsch metropolitanus Essa moçada promete Garotos clones mutantes Com que gastar meu confete? Que tal usar brilhantina? No país da vaselina Quem tiver cara, me piche E eu chego feito um pivete À glória do sanduíche ]",Belchior
La Vida Es Sueño,False,"Hermano, la vida es sueño No hay más nada que pedir Que detrás roto en el viento Todo el miedo de vivir Hermano, la vida es sueño Me ayude usted a sentir Que mi amor por los humildes No me dejará mentir Milonga, la vida es sueño Los sordos habrán de oír Hermano, la vida es sueño Que jamás caerá inerte No duerme y no pierde tiempo Con gente de mala suerte Señor seguro en las nubes No habrá nada que lo apriete así por justa prudencia Elige amigo el más fuerte Milonga, la vida es sueño Pero no sueño de muerte En estos tiempos de furia La verdad va mal herida Los profetas predicando De la tierra prometida Cuentan que un sello de plata Recompensa la subida Hermano, la vida es sueño De libertad sin medida Se non se la sueña juntos Se desea se de salida Hermano la vida es sueño E le estoy viendo venir Por las ramblas por las plazas Por él ja no ha repetir El gran amor de los hombres La aventura y el sufrir Milonga venga y maldiga A los que en viven en subir Un río llamado pueblo Donde rige el porvenir ]",Belchior / Eduardo Larbanois
Lamento do Marginal Bem Sucedido,False,"Baby Enquanto um velho mestre de blues radioativa nas ondas Sonoras do carro, tome um fósforo e, ao gosto dos anjos, acenda O ultimo cigarro Que aquele bêbado lhe deu E blues lamente comigo os tempos cínicos e cruéis para o caubói Delicado que você diz que sou eu Ah! Você lembra? Naquele tempo, quem não queria tomar o poder e que mãe não tomava comprimidos pra dormir? É proibido proibir! Ora, ora o poder, humilhação e violência! Vocês querem Bacalhau Ao vencedor as batatas, o troféu abacaxi E por falar em política, os meninos de rua já sentem na pele a verdade nua e crua do que nunca aconteceu Marginal bem sucedido e amante da anarquia, eu não sou Renegado sem causa, oh! Não E uma dose de amor, esse artigo sempre em falta, cairia muito Bem em mim Melhor que a droga do gim Lançado em meu cartaz de procurado de vira-lata de mercado, com a pata esmagada por um trem Ah! Fique aqui, só entre nos dois, este papo amarelo de dor Que rima com conversa mole de amor Pois, você sabe, eu prefiro a inocência do sexo e a pureza da Paixão depois do amor, o tédio e a solidão! Quem diria? Ontem a noite na cama me senti arrasado com você me chamando - idiota, bandido, um canalha, indecente, transviado, machão! Ah! Enquanto essas senhoras e esses senhores viram o jogo Contra nós e põem o mundo a seu favor - que horror! (Conversação de marginais sobre terra devastada, em meio a nossa guerra civil. Desde Cabral o Brasil é Brasil) Guardo-lhe, como um presente, o meu modo masculino, raro e Fino, de trovador eletrônico, anjo torto, ciberneticamente a mil Baby, tudo vai dar pé, você sabe e eu também sei... Qual é o problema? Mas, pelo sim pelo não me dê a sua mão igual a seu coração E, num amasso apertado um beijo molhado e escandalizado Daqueles de cinema Baby, tudo vai dar pé, você sabe e eu também sei... Qual é o problema? Mas, pelo sim, pelo não, me dê a sua mão, igual a seu coração (All we need is love!) e, num amasso apertado- da cor do Pecado, um beijo molhado, escandalizado, daqueles de cinema ]",Belchior
Lira dos Vinte Anos,False,"Os filhos de Bob Dylan Clientes da Coca-Cola Os que fugimos da escola Voltamos todos pra casa Um queria mandar brasa Outro ser pedra que rola Daí, o money entra em cena e arrasa E adeus, caras bons de bola! Mamãe! Como pode acontecer? Ah! Meu coração lobo mau não aguenta! E andarmos apressados Deu em chegar atrasados Ao fim dos anos cinquenta! Meu pai não aprova o que eu faço Tampouco, eu aprovo o filho que ele fez Sem sangue nas veias, com nervos de aço Rejeito o abraço que me dá por mês ]",Belchior / francisco Casaverde
Máquina II,False,ê mê e m e m e a m a q u i q u i e n e a n a e m a a m a q u i q u i e n e a n a e m e a m a q u i q u i e n e a n a e m e a m a q u i q u i n a n a n a n a n a n a máquina máquina máquina máquina máquina máquina máquina máquina máquina máquina máquina máquina máquina máquina máquina máquina m a m a máquina máquina máquina máquina máquina máquina máquina máquina máquina máquina na na na na ],Belchior
Medo de Avião,False,"Foi por medo de avião Que eu segurei Pela primeira vez a tua mão Um gole de conhaque Aquele toque em teu cetim Que coisa adolescente James Dean Foi por medo de avião Que eu segurei Pela primeira vez a tua mão Não fico mais nervoso Você já não grita E a aeromoça, sexy Fica mais bonita Foi por medo de avião Que eu segurei Pela primeira vez a tua mão Agora ficou fácil Todo mundo compreende Aquele toque Beatle I wanna hold your hand Agora ficou fácil Todo mundo compreende Aquele toque Beatle I wanna hold your hand Aquele toque Beatle I wanna hold your hand Yeh, yeh, yeh! Yeh, yeh, yeh! Yeh, yeh, yeh! Yeeeh! ]",Belchior
Medo de Avião II,False,"Foi por medo de avião Que eu segurei pela primeira vez a tua mão Um gole de conhaque, um toque em teu cetim Que coisa adolescente, James Dean Foi emoção comum, daquela que arrepia a pele E leva as mãos, há pouco indiferentes A correr pelas sedas, pelos cílios, pelos belos Pelos virgens de lâminas e pentes Brilham teus grandes lábios e teus dentes Brilham teus grandes lábios e teus dentes Foi por medo de avião Que eu segurei pela primeira vez a tua mão Não fico mais nervoso e você já não grita E a aeromoça sexy fica mais bonita Não foi a força bruta da beleza Nem o vigor cruel da mocidade E sim dois animais em paz com a natureza E sim dois corpos, objetos sensuais contra a lei da gravidade Nós nem pensamos na felicidade Nós nem pensamos na felicidade Foi por medo de avião Que eu segurei pela primeira vez a tua mão Agora ficou fácil, todo mundo entende Aquele toque Beatle (I wanna hold your hand) Foi por medo de avião (I wanna hold your hand) Foi por medo de avião (I wanna hold your hand) Que coisa adolescente, James Dean (I wanna hold your hand) Foi por medo de avião (I wanna hold your hand) Foi por medo de avião (I wanna hold your hand) Foi por medo de avião (I wanna hold your hand) Foi por medo de avião ]",Belchior / Gilberto Gil
Meu Cordial Brasileiro,False,"Meu cordial brasileiro (um sujeito) Me conta o quanto é contente e quente Sorri de dente de fora, no leito Sulamericanamente O Senhor não me perdoa Eu não entrar numa boa e Perder sempre a esportiva Frente a esta gente indecente Que come, drome e consente Que cala, logo está viva Também estou vivo, eu sei Mas porque posso sangrar E mesmo vendo que é escuro Dizer que o Sol vai brilhar Com/contra quem me dá duro Com o dedo na cara, Me mandando calar Menina, ainda tenho um cigarro, mas eu posso lhe dar Menina, a grama está sempre verde, mas eu quero pisar Menina, a Estrela do Norte não saiu do lugar Menina, asa branca, assum preto, sertão não virou mar Menina, o show já começou, é bom não se atrasar Menina, é proibida a entrada, mas eu quero falar Com/contra quem me dá duro Com o dedo na cara Me mandando calar Que o pecado nativo É simplesmente estar vivo É querer respirar ]",Belchior / Toquinho
Meu Nome é Cem,False,"Meu nome é legião Não sou só um Sou um cidadão comum Meu nome é cem É claro, ainda é noite A força eu falo, tudo bem O pobre dorme na calçada E dizem que é madrugada e o sol já vem O amigo que saiu pra ver a lua Jaz anônimo na rua, foi fatal Na tarde que foi sempre minha amiga A lei dos homens nos obriga A ser normal E como vivo comovido Dizem que sou um bandido marginal O parque está tranquilo, mas deserto Pois, os homens estão perto Eu cantei Por mais que você diga que é sublime Falar de amor é crime Ô baby, eu sei Todo esse sangue não é nada É a cor da madrugada contra a lei ]",Belchior
Monólogo das Grandezas do Brasil,False,"Todo mundo sabe/todo mundo vê Que tenho sido amigo da ralé da minha rua Que bebe pra esquecer que a gente É fraca É pobre É víl Que dorme sob as luzes da avenida É humilhada e ofendida pelas grandezas do brasil Que joga uma miséria na esportiva Só pensando em voltar viva Pro sertão de onde saiu Todo mundo sabe (principalmente o bom deus, que tudo vê) Que os homens vão dizer que a vida é dura e incompleta Pra quem não fez a guerra e não quer vestibular Pra quem tem a carteira de terceira Pra quem não fez o serviço militar Pra quem amassa o pão da poesia Na limpeza e na alegria Contra o lixo nuclear. Como uma metrópole, O meu coração não pode parar Mas também não pode sangrar eternamente Ta faltando emprego Neste meu lugar Eu não tenho sossego Eu quero trabalhar Já pensei até em passar a fronteira. - eu vou pra São Paulo e Rio (Eldorados da além-mar) A estrada é uma estrela pra quem vai andar. Oh! Não! Oh! Não! Ai! Ai! Que bom que é A lua branca, um cristão andando a pé! Ai! ai! que bom, que bom se eu for Pés no riacho, água fresca, nosso senhor! Vou voltar pro norte/ semana que vem Deus já me deu sorte/ mas tem um porém Não me deu a grana/ pra eu pagar o trem. ]",Belchior
Mote e Glosa,False,é o novo é o novo é o novo é o novo é o novo é o novo é o novo é o novo é o novo é o novo é o novo é o novo é o novo é o novo é o novo é o novo é o novo é o novo é o novo é o novo é o novo é o novo é o novo é o novo passarim no ninho (tudo envelheceu) cobra no buraco (palavra morreu) você que é muito vivo me diga qual é o novo me diga qual é o novo me diga qual é o novo novo novo novo me diga qual é o novo me diga qual é me diga qual é o novo me diga qual é me diga qual é o novo me diga qual é ],Belchior / Fagner
Mucuripe,False,"As velas do Mucuripe Vão sair para pescar Vou mandar as minhas mágoas Pras águas fundas do mar Hoje à noite namorar Sem ter medo da saudade Sem vontade de casar As velas do Mucuripe Vão sair para pescar Vou mandar as minhas mágoas Pras águas fundas do mar Hoje à noite namorar Sem ter medo da saudade Sem vontade de casar Calça nova de riscado Paletó de linho branco Que até o mês passado Lá no campo ainda era flor Sob o meu chapéu quebrado Um sorriso ingênuo e franco De rapaz novo encantado Com vinte anos de amor Aquela estrela é dela Vida, vento, vela, leva-me daqui Aquela estrela é dela Vida, vento, vela, leva-me daqui As velas do Mucuripe Vão sair para pescar Vou levar as minhas mágoas Pras águas fundas do mar Hoje à noite namorar Sem ter medo da saudade Sem vontade de casar Calça nova de riscado Paletó de linho branco Que até o mês passado Lá no campo ainda era flor Sob o meu chapéu quebrado Um sorriso ingênuo e franco De rapaz moço encantado Com vinte anos de amor Aquela estrela é dela Vida, vento, vela, leva-me daqui Aquela estrela é ela Vida, vento, vela, leva-me daqui ]",Belchior / Raimundo Fagner
Na Hora do Almoço,False,"No centro da sala, diante da mesa No fundo do prato, comida e tristeza A gente se olha, se toca e se cala E se desentende no instante em que fala Medo, medo, medo, medo, medo, medo Cada um guarda mais o seu segredo A sua mão fechada, a sua boca aberta O seu peito deserto, sua mão parada Lacrada e selada E molhada de medo Pai na cabeceira: É hora do almoço Minha mãe me chama: É hora do almoço Minha irmã mais nova, negra cabeleira Minha avó me reclama: É hora do almoço! Ei, moço! E eu inda sou bem moço pra tanta tristeza Deixemos de coisas, cuidemos da vida Senão chega a morte ou coisa parecida E nos arrasta moço sem ter visto a vida Ou coisa parecida, ou coisa parecida Ou coisa parecida, aparecida Ou coisa parecida, ou coisa parecida Ou coisa parecida, aparecida ]",Belchior
Nada Como Viver,False,"Nada Nada como viver Nada como viver de repente Nada, nada, nada, nada! Nada como viver Nada como viver de repente Alegria é uma beleza Com certeza eu viveria Nessa cor que a moça usa Além da blusa Eu quero viver Amar, prazer, por que não dizer O palavrão, a palavra, tentação Amar, prazer, por que não dizer O palavrão, a palavra, coração Nada, nada como viver Nada como viver de repente Nada, nada, nada, nada Nada como viver Comover é comover Nada como viver de repente Quando a vida acontecer Tão bonita mocidade A palavra independente O corpo que sente Sabe fazer Amar, prazer, por que não dizer O palavrão, a palavra, sensação Amar, prazer, por que não dizer O palavrão, a palavra, sem o senão Nada Nada como viver Nada como viver de repente Nada, nada, nada nada Nada como viver Nada como te ver tão contente ]",Belchior / Fausto Nilo
Não Leve Flores,False,"Não cante vitória muito cedo, não Nem leve flores para a cova do inimigo Que as lágrimas do jovem São fortes como um segredo Podem fazer renascer um mal antigo Não cante vitória muito cedo, não Nem leve flores para a cova do inimigo Que as lágrimas do jovem São fortes como um segredo Podem fazer renascer um mal antigo, sim, sim Tudo poderia ter mudado, sim Pelo trabalho que fizemos, tu e eu Mas o dinheiro é cruel E um vento forte levou os amigos Para longe das conversas, dos cafés e dos abrigos E nossa esperança de jovens não aconteceu E nossa esperança de jovens não aconteceu, não, não Palavra e som são meus caminhos pra ser livre E eu sigo, sim Faço o destino com o suor de minha mão Bebi, conversei com os amigos ao redor de minha mesa E não deixei meu cigarro se apagar pela tristeza Sempre é dia de ironia no meu coração Sempre é dia de ironia no meu coração Tenho falado à minha garota Meu bem, difícil é saber o que acontecerá Mas eu agradeço ao tempo O inimigo eu já conheço Sei seu nome, sei seu rosto, residência e endereço A voz resiste, a fala insiste: Você me ouvirá A voz resiste, a fala insiste: Quem viver verá Não cante vitória muito cedo, não Nem leve flores para a cova do inimigo Que as lágrimas do jovem São fortes como um segredo Podem fazer renascer um mal antigo Não cante vitória muito cedo, não Nem leve flores para a cova do inimigo Que as lágrimas do jovem São fortes como um segredo Podem fazer renascer um mal antigo, sim, sim ]",Belchior
No Maior Jazz,False,"Guerra, Guerra sem paz! E que se fez da terra, Mãe dos mortais? Certo, A vida é demais! Mas sem nós, feita um deserto, Com quem rolarás, oh terra? Esses senhores se sentam à mesa Decidem por nós... Negociações... Estúpidos e idiotas da política! Dólares, tanques e mísseis Meu coração tropical não agüenta E o Cruzeiro do Sul, que não nos orienta? Certo, Há que ter gás Mas no dom de viver perto Dos animais. Terra! Oh! Como me atrais! Ah! Traz para ti quem erra No maior jazz! ]",Belchior / Gracco
Notícia de Terra Civilizada,False,"Era uma vez um cara do interior Que vida boa, água fresca e tudo mais Rádio e notícia de terra civilizada Entram no ar da passarada E adeus paz Agora é vencer na vida O bilhete só de ida Da fazenda pro mundão Seguir sem mulher nem filho Oh! Brilho cruel dos trilho Do trem que sai do sertão Acreditou no sonho Da cidade grande E enfim se mandou um dia E vindo viu e perdeu Indo parar, que desgraça! Na delegacia Lido e corrido relembra Um ditado esquecido ""Antes de tudo um forte!"" Com fé em Deus um dia Ganha a loteria Pra voltar pro Norte ]",Belchior / Jorge Mello
Num País Feliz,False,"Ainda não se ouvia o ai do sabiá E nem jaci sabia que ele assobiava lá O índio ia indo, inocente e nu E no cauim ninguém sentia a essência do caju Não navegavam naus abaixo do Equador Aqui sem sonhos maus, não há anhanguá Nem cruz nem dor E o índio ia indo, inocente e nu Sem rei, sem lei, sem mais, ao som do Sol E do uirapuru Não navegavam naus abaixo do Equador E à terra chã, tupã descia sem pam de tambor Ainda não se ouvia o dó das juritis E eu já sonhava com a cor e o tom de algum país Num país feliz ]",Belchior / Jorge Mello
Objeto Direto,False,"Eu quero meu corpo bem livre do peso inútil da alma Quero a violência calma de humanamente amar Eu quero quebrar o quebranto do permitido e do proibido E nego o que nega os sentidos direito e dom de gozar A verdade está no vinho (in vino veritas) Que me faz gauche, anjo torto Que retempera o meu corpo nos pecados capitais Pois a pedra no sapato de quem vive em linha reta É a sentença concreta Viver e brincar e pensar tanto faz Substantivo comum Um infinito presente Ente/objeto direto Reto, repleto, completo Presente, infinitamente ]",Belchior
Ondas Tropicais,False,"Serviço de alto falante ``voz de cristal`` e ``bom som``! paisagem tango bolero, cafona como `eu te quero`` sonho de valsa e bombom. Na província...Hollywood! eu era um brando farsante. na luz azul do cinema piscava o olho- um poema! a princesa do elefante. Como e um objeto não identificado descia sobre mim aquele feixe de luz. outra via - lacta, escada de prata... e eu, o rei da emoção barata, subia a Capital Mondrians, jazz, boggie- booggie, blues. Brasil, mulato inzoneiro, Brasil, mulato inzoneiro, bandeiras de São ( Volpi) João! no televisor ligado videotexto grafitado ai, coração e o sertão... ]",Belchior / Caio Silvio
Onde Jazz Meu Coração?,False,"Ei, senhor meu rei do tamborim, do ganzá Cante um cantar, forme um repente pra mim Aqui, nordeste, um país de esquecidos, humilhados Ofendidos e sem direito ao porvir Aqui, nordeste, sul-américa do sono No reino do abandono, não há lugar pra onde ir De nashville pro sertão (se engane, não) Tem meu irmão, fora da lei, muito baião E, em new orleans, bandos de negros afins Tocam em bandas, banjos, bandolins Onde ""jazz"" meu coração Ei, senhor meu rei do tamborim, do ganzá Cante um cantar, forme um repente pra mim Aqui, nordeste, um país de esquecidos, humilhados Ofendidos e sem direito ao porvir Aqui, nordeste, sul-américa do sono No reino do abandono, não há lugar pra onde ir Em mim, desse canto daqui, lugar comum Como no assum, azul de preto O canto e que faz cantar Cresce e aparece em minha vida, e eu me renovo No canto, o pio do povo. Pio, é preciso piar E a minha voz, rara taquara rachada Vem soul blues, do pó da estrada E canta o que a vida convém Vem direitinha, da garganta desbocada Mastigando inham, inham Cheinha de nhem-nhem-nhem Ei, senhor meu rei do tamborim, do ganzá Cante um cantar, forme um repente pra mim Aqui, nordeste, um país de esquecidos, humilhados Ofendidos e sem direito ao porvir Aqui, nordeste, sul-américa do sono No reino do abandono, não há lugar pra onde ir ]",Belchior
Os Derradeiros Moicanos,False,"Nós somos uns pobres diabos sul-americanos, ô, ô, ô, ô Os derradeiros moicanos, ô, ô, ô Perís, cecis, guaranis - um glamour de índios de Chateubriand Tambores tão bons, uns quantos radares, antenas de raça tantã Voz de palmas: palmeiras, batidas! Dançar ao som de uma só mão Pra nós da geral - macacos geniais! - fora do carnaval não há salvação Lá em são luís, cristão infeliz, o bom selvagem aprende francês Pra ler (e escrever!) o poema do Brasil no original, pela primeira vez! E nesses brasis - um paris tropical - Henri salvador de Martinique! Dans l'esprit de la danse une chance! Vive la France antarctique! Uns brancos de alma negra... des masques cubistes, africaines, decor... Uns pretos no branco e uns brancos no preto - americanamente bicor Uns barrocos, baianos do sul, com tudo sutil e sensual: De terno de linho, chapéu de palhinha - belos como Dorival Verão (do verbo ver) o verão (estação) que, quem vier, viverá Dans les tristes tropiques, dans les beaux pays de lá bás E nesses brasis - um paris tropical - le maracatu atomique Dans l'esprit de la danse une chance! Vive la France antarctique! Alavantú, nossa gangue, a quadrilha do sangue danse lá en arrière Que sonhamos, nos campos, Duchamp, Picasso e Rimbaudelaire Canibales tropicales en parade autour de la tour Eiffel Dans mon ile - tabaco de cuba pour messieur le colonel Domingos, Sivuca, Gonzaga no acordeón, nossos clochards Brilhe o belga Jacques Brel, já que bel nisso não é de brilhar. E nesses brasis - um paris tropical! tous les voix de l'afrique! Dans l'esprit de la danse une chance! Vive la France antarctique! ]",Belchior / Moraes Moreira
Os Profissionais,False,"Onde anda o tipo afoito Que em 1-9-6-8 Queria tomar o poder? Hoje, rei da vaselina, Correu de carrão pra China, Só toma mesmo aspirina E já não quer nem saber. Flower power! Que conquista! Mas eis que chegou o florista Cobrou a conta e sumiu Amor, coisa de amadores Vou seguir-te aonde f(l)ores! Vamos lá, ex-sonhadores, À mamãe que nos pariu! Oh! L'age d'or de ma jeunesse! Rimbaud, ""par delicatesse J'ai perdu (também!) ma vie!"" (Se há vida neste buraco Tropical, que enche o saco Ao ser tão vil, tão servil!) E então? Vencemos o crime? Já ninguém mais nos oprime Pastores, pais, lei e algoz? Que bom voltar pra família! Viver a vidinha à pilha! Yuppies sabor baunilha Era uma vez todos nós! Dancei no pó dessa estrada... Mas viva a rapaziada Que berrava: ""Amor e Paz!"" Perdão, que perdi o pique... Mas se a vida é um piquenique Basta o herói de butique Dos chiques profissionais. I have a dream... My dream is over! (Guerrilla de latin lover!) Mire-se o dólar que faz sol Esplim, susexo e poder, Vim de banda e podes crer: ""Muito jovem pra morrer E velho pro rock 'n' roll!"" ]",Belchior
Paraíso,False,"Graças a Deus, eu perco sempre o juízo Meu paraíso é a palavra paraíso, é lá Toda maneira (nova) de virar a mesa Qualquer beleza é inventar, é o que ainda não há Por isso Dá-lhe, fale que só vale ser, dance comigo! Venha no trem que sai de dentro E vai pro exterior Por isso Dá-lhe, fale que só vale ser, dance comigo! Guarde seu corpo na alegria e no bom humor Palavra, tão amiga minha E de si mesma Tão vizinha da palavra amor ]",Belchior
Paralelas,False,"Dentro do carro Sobre o trevo A cem por hora, ó, meu amor Só tens agora os carinhos do motor E no escritório em que eu trabalho E fico rico, quanto mais eu multiplico Diminui o meu amor Em cada luz de mercúrio Vejo a luz do teu olhar Passas praças, viadutos Nem te lembras de voltar, de voltar, de voltar No Corcovado, quem abre os braços sou eu Copacabana, esta semana, o mar sou eu Como é perversa a juventude do meu coração Que só entende o que é cruel, o que é paixão E as paralelas dos pneus n'água das ruas São duas estradas nuas Em que foges do que é teu No apartamento, oitavo andar Abro a vidraça e grito, grito quando o carro passa Teu infinito sou eu, sou eu, sou eu, sou eu No Corcovado, quem abre os braços sou eu Copacabana, esta semana, o mar sou eu Como é perversa a juventude do meu coração Que só entende o que é cruel, o que é paixão ]",Belchior
Peças e Sinais,False,"Nós vamos morar No mais alto andar Daquele edifício Que parece voar De lá dá pra ver Um navio que vem vindo Bombas explodindo em homens Quase soltos no ar Em torno ao nosso quarto Passam helicópteros E envolvem nossos corpos Em círculos mortais A hélice metálica Risca nosso beijo E deixa em nossa pele Peças e sinais Mas nós não somos bobos Bomba de hidrogênio Não vamos permitir Que a vida acabe assim Vamos refazer o amor Um manchão submarino Bomba H, foguete Não teremos fim ]",Belchior
Pequeno Mapa do Tempo,False,"Eu tenho medo e medo está por fora O medo anda por dentro do teu coração Eu tenho medo de que chegue a hora Em que eu precise entrar no avião Eu tenho medo de abrir a porta Que dá pro sertão da minha solidão Apertar o botão: cidade morta Placa torta indicando a contramão Faca de ponta e meu punhal que corta E o fantasma escondido no porão Medo, medo. medo, medo, medo, medo Eu tenho medo que Belo Horizonte Eu tenho medo que Minas Gerais Eu tenho medo que Natal, Vitória Eu tenho medo Goiânia, Goiás Eu tenho medo Salvador, Bahia Eu tenho medo Belém, Belém do Pará Eu tenho medo pai, filho, Espírito Santo, São Paulo Eu tenho medo eu tenho C eu digo A Eu tenho medo um Rio, um Porto Alegre, um Recife Eu tenho medo Paraíba, medo Paranapá Eu tenho medo Estrela do Norte, paixão, morte é certeza Medo Fortaleza, medo Ceará Medo, medo. medo, medo, medo, medo Eu tenho medo e já aconteceu Eu tenho medo e inda está por vir Morre o meu medo e isto não é segredo Eu mando buscar outro lá no Piauí Medo, o meu boi morreu, o que será de mim? Manda buscar outro, maninha, no Piauí ]",Belchior
Pequeno Perfil de Um Cidadão Comum,False,"Era um cidadão comum Como esses que se vê na rua Falava de negócios, ria Via show de mulher nua Vivia o dia e não o Sol A noite e não a Lua Acordava sempre cedo Era um passarinho urbano Embarcava no metrô O nosso metropolitano Era um homem de bons modos Com licença Foi engano Era feito aquela gente honesta, boa e comovida Que caminha para a morte pensando em vencer na vida Era feito aquela gente honesta, boa e comovida Que tem no fim da tarde a sensação Da missão cumprida Acreditava em Deus E em outras coisas invisíveis Dizia sempre sim aos seus senhores infalíveis Pois é, tendo dinheiro não há coisas impossíveis Mas o anjo do Senhor De quem nos fala o Livro Santo Desceu do céu pra uma cerveja, junto dele, no seu canto E a morte o carregou, feito um pacote, no seu manto Que a terra lhe seja leve ]",Belchior
Populus,False,"Populus, meu cão O escravo, indiferente, que trabalha E, por presente, tem migalhas sobre o chão Populus, Populus, Populus, meu cão Populus, meu cão Populus, meu cão Primeiro, foi seu pai Segundo, seu irmão Terceiro, agora, é ele, agora é ele, agora é ele De geração, em geração, em geração No congresso do medo internacional Ouvi o segredo do enredo final Sobre Populus, meu cão Sobre Populus, meu cão Documento oficial, em Testamento especial Sobre a morte, sem razão De Populus, meu cão De Populus, de Populus, de Populus Populus, Populus, Populus, meu cão Populus, Populus, Populus, meu cão Delírios sanguíneos Espumas nos teus lábios Tudo em vão Tenho medo de Populus, meu cão Roto no esgoto do porão De Populus, de Populus, de Populus, meu cão Seu olhar de quase gente E as fileiras dos seus dentes Trago o rosto marcado E eles me conhecerão, me conhecerão Me conhecerão, me conhecerão Populus, Populus, Populus, meu cão Populus, Populus, Populus, meu cão Populus, Populus, Populus, meu cão ]",Belchior
Princesa do Meu Lugar,False,"Se me der vontade de ir embora, Vida adentro, mundo a fora Meu amor, não vá chorar Ao ver, que o cajueiro anda florando Saiba que estarei voltando, princesa do meu lugar Se me der vontade de ir embora, Vida adentro, mundo a fora Meu amor, não vá chorar Ao ver, que o cajueiro anda florando Saiba que estarei voltando, princesa do meu lugar A terra toda é uma ilha Se eu ligo, meu radinho de pilha Terás notícias de mim entre as carnaubeiras Meu amor é um passarinho Pode fugir da tua mão, Não dances, não dances pelo caminho Ou não vou-me embora não Não há pranto que apague Dos meus olhos o clarão Nem metrópole onde eu não veja O luar, o luar do sertão! ]",Belchior
Quinhentos Anos de Quê?,False,"Eram três as caravelas Que chegaram d'alem mar E a terra chamou-se América Por ventura? Por azar? Não sabia o que fazia, não D. Cristóvão, capitão Trazia, em vão, Cristo no nome E, em nome dele, o canhão Pois vindo a mando do senhor E d'outros reis que, juntos Reinam mais Bombas, velas não são asas Brancas da pomba da paz Eram só três caravelas E valeram mais que um mar Quanto aos índios que mataram Ah! Ninguém pôde contar Quando esses homem fizeram O mundo novo e bem maior Por onde andavam nossos deuses Com seus andes, seu condor? Que tal a civilização Cristã e ocidental Deploro esta herança na língua Que me deram eles, afinal Diz, América que es nossa Só porque hoje assim se crê Há motivos para festa? Quinhentos anos de que? ]",Belchior / Eduardo Larbanois
Recitanda,False,"Graças a deus Eu perco sempre o juízo No lance de dez No acaso do sucesso O paraíso é a palavra O país é lá Mensagem de amor A votação no congresso Vem viver comigo Vem correr perigo Vem, meu bem, meu bem Que outros cantores chamam ""baby"" Esse jeito de deixar sempre de lado a certeza Sem deixar o meu cigarro se apagar pela tristeza É proibida a entrada, mas ainda quero falar: Viver é melhor que sonhar Vejo vir vindo no vento o cheiro da nova estação Sinto tudo na ferida viva do meu coração Olha, o show já começou, é bom não se atrasar Viver é melhor que sonhar ]",Belchior
Retórica Sentimental,False,"Moro num lugar comum Junto daqui, chamado Brasil Feito de três raças tristes Folhas verdes de tabaco e o guaraná, guarani Alegria, namorados Alegria de Ceci Manequins emocionadas São touradas de Madrid Que em matéria de palmeira, ainda tem o buriti perdido Símbolo de nossa adolescência Signo de nossa inocência índia, sangue tupi E por falar no sabiá O poeta Gonçalves Dias é que sabia Sabe lá se não queria Uma Europa bananeira Diga lá, Tristes Trópicos Sabiá laranjeira Aliás, meu camarada, o cantor popular falou divinamente Deus é uma coisa brasileira, nordestinamente paciente Oh! Blood Moon! ]",Belchior
Rock Romance de Um Robô Goliardo,False,"Alô rapaziada! Alô gente fina! Alô moçada! Eu sei que vocês estão com a vida que pediram a Deus E ele deu Muito que bem! Por isso espero tudo de vocês Mas não confiem em mim: Eu não existo! Sou apenas um personagem que diz isto E não me chame irresponsável Para que levar a vida assim tão a serio? Afinal, a vida é mesmo uma aventura da qual não sairemos vivos Ah! Tudo já é outra viagem! Abra com meu velho canivete seu jovem coração de lata Entre no barco eletrônico da emoção barata Vamos, na crista da onda Dar um balanço cibernético nas horas! Pulsars, quasars, buracos negros, astros, guerra e paz Amor nas super-estrelas Robô goliardo deste tempo Narro a minha vida começando pelo fim É bem melhor assim Vou contar pra vocês a vida que eu inventei pra mim  O som do alto-falante rolava e me dava um toque E chuck berry, berrando Em sua guitarra era um choque Cometas halley passando Astros no pó de woodstock, cabeças, pedras rolantes Jim, jimi, john, janis joplin E a moçada do subúrbio Cinemas, topetes, motos (Rock 'n roll) E digo mais: Até parece que foi ontem! Tinha roubado o carro do meu pai Brigado com o cara do bairro vizinho por causa de uma garota Estava saindo do chuveiro Novinho em folha, um artista diante do espelho! Pondo brilhantina no cabelo E mercúrio cromo num corte de gilete do meu rosto Vesti o blusão de couro, liguei a motocicleta Queria sair voando pra pegar meu broto... Entrar na sessão das cinco Tomar um sorvete lá na lanchonete Dar um rolê por aí Ia pondo o pé na rua quando a minha velha saltou de lá Muito cheia de si, me chamando: Playboy! Rebelde! Transviado! Como se fosse dona do mundo. E foi logo dizendo -Pra você ver a vida como é! -A gente cria um bicho desses -Educa, dá do bom e do melhor -Casa e comida, roupa lavada, amor, carinho, mesada -E esse aventureiro termina deixando a escola! -Fugindo de casa! Maldizendo a família! -Querendo ser cantor de rock! Caí na estrada tirana A juventude é um dom Garotas, sonhos, mil transas, como dar bandeira é bom! Olhando a cidade grande,cheia de fúria e de som Querendo ser uma estrela, de sexo, laser e neon Cidade grande é uma droga mas o rock dá o tom Qual é o preço de um homem? E eu? Pago quanto para ser feliz? Cidade morena boca de ouro de tolo Luminosos, fliperamas, ondas hertezianas Mil escrituras, canções, outros sons! Vídeogames, quadrinhos, novelas, televisão Informática, cibernética, política, eletrônica, acústica Grandes populações, revoluções Que destino s.a, indústria de lixo limitada e a dar Sociedade anônima Assaltantes, abandonados, bêbados, índios, nordestinos, retirantes, prostitutas, pivetes Punks, pobres, suicidas, solitários De onde eles vêm? Viciados, velhos, vagabundos Sacos de plástico, latas amassadas Copos de papel esquecidos no estádio Depois dos jogos e das feras Miseráveis! Sempre sem pão e daqui a pouco sem circo Coisa ante cuja visão dá vontade de morrer E a glória? E a honra de seres humanos que Deus criou E pôs um pouquinho só abaixo de seus anjos? Mas esses senhores não querem nada! Não querem perder tempo Com essa porcaria que se chama gente! Eu não sou cachorro não Pra viver assim tão humilhado  São mil milhões de habitantes deste parque industrial: Negros, mulheres, menores, filhos da crise geral Iguais pela mesma bomba que vai cair no quintal Ídolo e Deus dos esgotos a musa urbana me fez. Meu sucesso é saber disso e bater tudo pra vocês (Rock rock rock rock rock 'n roll) É isso aí, rapaziada! É isso aí, gente fina! Talvez a gente pudesse dizer adeus de outro jeito Mas eu sou um antropófago urbano Um canibal delicado na selva da cidade Mais dia menos dia... Eu como você. E você como eu! Ora, ora! Sempre houve um lugarzinho a mais para alguém Debaixo dos meus lençóis (Rock rock rock rock rock 'n roll) ]",Belchior
S.A.,False,"Assaltantes, bêbados, índios Nordestinos, retirantes Prostitutas, pivetes, punks Pobres suicidas solitários De onde eles vêm? Viciados, velhos, vagabundos De onde eles vêm? Viciados, velhos, vagabundos De onde eles vêm? Sacos de plásticos, latas amassadas, copos de papel Esquecidos no estádio depois de jogos e das feras Miseráveis sempre sem pão e daqui a pouco sem circo Coisa ante cuja a visão da vontade de morrer E a glória? E a glória? E a glória? Eeh E a honra dos seres humanos Que Deus criou E pôs um pouquinho só Abaixo dos seus anjos Mas esses senhores não querem nada Não querem perder tempo Com essa porcaria que se chama gente Mas esses senhores não querem nada Não querem perder tempo Com essa porcaria que se chama gente Eu não sou cachorro não Para viver assim tão humilhado Mas esses senhores não querem nada Não querem perder tempo Com essa porcaria que se chama gente Mas esses senhores não querem nada Não querem perder tempo Com essa porcaria que se chama gente Mas esses senhores não querem nada Não querem perder tempo Com essa porcaria que se chama gente Mas esses senhores não querem nada Não querem perder tempo Com essa porcaria que se chama gente ]",Belchior / João Mourão
Se Você Tivesse Aparecido,False,"Se você tivesse aparecido em minha adolescência, canção blake de inocência amor, quem não teria ido e vivido com Byron, o bardo da gangue do ``le me perish young`` Se você tivesse aparecido esta droga de existência se mudaria em viver eu coração (traído) bandido, canção blake de experiência revelaria seu ser. Leste de Éden violência e abandono. Vinhas de ira...Ah! Quanto suicídio garotos no esgoto...São ratos? São homens suave e a noite? Seremos vencidos? Oh! Cara onde o galo canta ai janta e assim yeah! yeah!yeah! yeah! Pegar carona nesta decadência e o fim como pode acontecer? ]",Belchior / Gracco
Seixo Rolado,False,"Tudo o que tenho é meu corpo Sou o que tenho e te dou Com um corpo como o teu Não precisas nem de alma Sente a minha violência Como uma essência de calma Anjos, se houvesse anjos Claro, seriam como tu No corpo, rosa dos ventos Tudo é norte, tudo é sul Se oriente, se ocidente Toda cor corre pro azul Não nada como o nada que é o eu Indescritível nu Sou um seixo rolado Na estrada do lado De lá do sertão E ser tão humilhado É sinal de que o diabo É que amassa o meu pão Mas meu corpo é discente E, civilizada a mente Gosta, cheira, toca, ouve e vê E, com amor e anarquia Goza que enrosca e arrepia Roquerolando em você Be-bopeando em você Calipsando em você Merenguendo em você Bluesbusando em você Um boogie-woogie em você Tango um bolero em você Chorando em você ]",Belchior / Palhinha Cruz Do Valle
Senhoras do Amazonas,False,"Rio, vim saber de ti e vi Vi teu tropical sem fim Quadrou de ser um mar Longe anhangá Tantas cunhãs e eu curumim O uirapuru (Oh! Lua azul) Cantou pra mim Rio, vim saber de ti, meu mar Negro maracá jarí Pará, Paris jardim Muiraquitãs Tantas manhãs nós no capim Jurupari (Oh! Deus daqui) Jurou assim Porque fugir se enfim me queres Só me feriu como me feres A mais civilizada das mulheres Senhoras do Amazonas que sois Donas dos homens, dos cavalos e das setas Porque já não amais vossos poetas? ]",Belchior / João Bosco
Sensual,False,"Quando eu cantar quero ficar molhado de suor. E por favor não vá pensar que é só a luz do refletor. Será minha alma que sua sob um sol negro de dor; outro corpo, a pele nua, carne, músculo e suor. Como um cão que uiva pra lua contra seu dono e feitor; uma fera-animal ferido no dia do caçador; humaníssimo gemido raro e comum como o amor. Quando eu cantar quero lhe deixar molhada em bom humor. E por favor não vá pensar que é só a noite ou o calor Quero ver você ser inteiramente tocada pelo licor da saliva, a língua, o beijo, a palavra. Minha voz quer ser um dedo na tua chaga sagrada. Uma frase feita de espinho, espora em teus membros cansados: sensual como o espírito ou como o verbo encarnado ]",Belchior / Tuca
Sorry,False,"Sorry, sorry, sorry, sorry baby Sorry, sorry, sorry, sorry baby Desculpe o inglês que eu aprendi Nos almanaques de música do mês Oh baby, oh baby Oh baby, oh baby Oh baby, oh baby, baby I don't believe in yesterday (sorry, sorry baby) Because you told once (sorry, sorry baby) Here comes the Sun It's all right, baby Here comes the Sun It's all right, baby Oh, oh, oh I need you, I need you And you love me In God we trust In God we trust Oh baby, sorry baby Lá no sertão, pros cabôco ler Tem que aprender outro ABC É bê-a-bá, é bê-é-bé É bê-I-bi, oh baby É bê-I-bi, oh baby Jerimum com leite em pó Munguzá com dietil I love you, I love you I love you, I love you Rock, moda de viola, coca-cola com angu I love you, I love you, I love you I love you, I love you, sorry, in God we trust In God we trust, I love you, I love you Bye, bye, bye, bye, bye baião, baião Bye, bye, bye, bye, bye baião, baião Bye, bye, bye, bye, bye baião, baião Baby, baby, I love you Baby, baby, I love you in my life ]",Belchior
Sujeito de Sorte,False,"Presentemente eu posso me considerar um sujeito de sorte Porque apesar de muito moço, me sinto são e salvo e forte E tenho comigo pensado, Deus é brasileiro e anda do meu lado E assim já não posso sofrer no ano passado Tenho sangrado demais, tenho chorado pra cachorro Ano passado eu morri, mas esse ano eu não morro Tenho sangrado demais, tenho chorado pra cachorro Ano passado eu morri, mas esse ano eu não morro Ano passado eu morri, mas esse ano eu não morro Ano passado eu morri, mas esse ano eu não morro Presentemente eu posso me considerar um sujeito de sorte Porque apesar de muito moço, me sinto são e salvo e forte E tenho comigo pensado, Deus é brasileiro e anda do meu lado E assim já não posso sofrer no ano passado Tenho sangrado demais, tenho chorado pra cachorro Ano passado eu morri, mas esse ano eu não morro Tenho sangrado demais, tenho chorado pra cachorro Ano passado eu morri, mas esse ano eu não morro Ano passado eu morri, mas esse ano eu não morro Ano passado eu morri, mas esse ano eu não morro Presentemente eu posso me considerar um sujeito de sorte Porque apesar de muito moço, me sinto são e salvo e forte E tenho comigo pensado, Deus é brasileiro e anda do meu lado E assim já não posso sofrer no ano passado Tenho sangrado demais, tenho chorado pra cachorro Ano passado eu morri, mas esse ano eu não morro Tenho sangrado demais, tenho chorado pra cachorro Ano passado eu morri, mas esse ano eu não morro Ano passado eu morri, mas esse ano eu não morro Ano passado eu morri, mas esse ano eu não morro ]",Belchior
Tambor Tantã,False,"Doutor em dor, bate o tambor, Tantã de tanto dar Quanto prazer, luz do calor! Mamãe, quero mamar! Graças a zeus tem gente assim! Comer, beber, dançar! E que dizer pra mister fim? - as águas vão rolar! Segundo o primeiro terreiro, o terceiro mundo embanana, Imbalança....oh! lalá! Mas quando eu me chamar raimundo vou fundo e ...é fumo pra lá e pra cá Oh! adelita, amor civil, Quando a guerra acabar Explodirei, com mais de mil, Em um trem militar E quem vier a fim de mim Se ligue em meu canal! Em reggae, em rumba, em cuba, enfim Na américa central. Vocês, de lá da babilônia, não sentem vergonha de sonhar um sonho tão ex? Oh! tirem-me desta mentira, brilhantinamente sem vez! De bom tom dá pedal! Tudo som, tudo são tão legal! Um grau dez pelo dom da mulher E um bombom pro que der e vier! ]",Belchior
Tocando Por Música,False,Aluguei minha canção Pra pagar meu aluguel E uma dona que me disse Que o dinheiro é um deus cruel A minh'alma esteve a venda Como as outras do lugar Só que ninguém me comprou Pois só eu quis me pagar Os anos verdes são negros Como era verde o meu vale de lágrimas Hoje eu não toco por música Hoje eu toco por dinheiro Na emoção democrática De quem canta no chuveiro Faço arte pela arte Sem cansar minha beleza Assim quando eu vejo porcos Lanço logo as minhas pérolas Os anos verdes são negros Como era verde o meu vale de lágrimas ],Belchior
Todo Sujo de Batom,False,"Eu estou muito cansado Do peso da minha cabeça Desses dez anos passados (presentes) Vividos entre o sonho e o som Eu estou muito cansado De não poder falar palavra Sobre essas coisas sem jeito Que eu trago em meu peito E que eu acho tão bom Quero uma balada nova Falando de brotos, de coisas assim De money, de banho de lua, de ti e de mim Um cara tão sentimental Quero uma balada nova Falando de brotos, de coisas assim De money, de banho de lua, de ti e de mim Um cara tão sentimental Quero a sessão de cinema das cinco Pra beijar a menina e levar a saudade Na camisa toda suja de batom Quero a sessão de cinema das cinco Pra beijar a menina e levar a saudade Na camisa toda suja de batom ]",Belchior
Tudo Outra Vez,False,"Há tempo, muito tempo Que eu estou Longe de casa E nessas ilhas Cheias de distância O meu blusão de couro Se estragou Oh! Oh! Oh! Ouvi dizer num papo Da rapaziada Que aquele amigo Que embarcou comigo Cheio de esperança e fé Já se mandou Oh! Oh! Oh! Sentado à beira do caminho Pra pedir carona Tenho falado À mulher companheira Quem sabe lá no trópico A vida esteja a mil E um cara Que transava à noite No Danúbio azul Me disse que faz sol Na América do Sul E nossas irmãs nos esperam No coração do Brasil Minha rede branca Meu cachorro ligeiro Sertão, olha o Concorde Que vem vindo do estrangeiro O fim do termo Saudade Como o charme brasileiro De alguém sozinho a cismar Gente de minha rua Como eu andei distante Quando eu desapareci Ela arranjou um amante Minha normalista linda Ainda sou estudante Da vida que eu quero dar Até parece que foi ontem Minha mocidade Com diploma de sofrer De outra Universidade Minha fala nordestina Quero esquecer o francês E vou viver as coisas novas Que também são boas O amor, humor das praças Cheias de pessoas Agora eu quero tudo Tudo outra vez Minha rede branca Meu cachorro ligeiro Sertão, olha o bom rock Que vem vindo do estrangeiro O fim do termo Saudade Como o charme brasileiro De alguém sozinho a cismar Gente de minha rua Como eu andei distante Quando eu desapareci Ela arranjou um amante Minha normalista linda Ainda sou estudante Da vida que eu quero dar Hum! Huum! ]",Belchior
Viva La Dolcezza,False,"Daqui da zona fantasma, te mando minha lagrima feminina de super- homem Os bárbaros voltaram quem duvidara? Viva La dolcezza! E a grama que pisaram reverdecera? Viva La dolcezza! Já dei adeus as armas, quem me livrara? Viva La dolcezza! Se o resto e som e fúria, que se cantara? Viva La dolcezza! ]",Belchior / Gracco
Voz da América,False,"El condor passa sobre os Andes E abre as asas sobre nós Na fúria das cidades grandes Eu quero abrir a minha voz Cantar, como quem usa a mão Para fazer um pão Colher alguma espiga Como quem diz no coração: Meu bem, não pense em paz Que deixa a alma antiga Tentar o canto exato e novo Que a vida que nos deram nos ensina Pra ser cantado pelo povo Na América latina Eu quero que a minha voz Saia no rádio, pelo no alto falante Que Inês possa me ouvir, posta em sossego a sós Num quarto de pensão, beijando um estudante Quem vem de trabalhar bastante Escute e aprenda logo a usar toda essa dor Quem teve que partir para um país distante Não desespere da aurora, recupere o bom humor Ai! Solidão que dói dentro do carro Gente de bairro afastado Onde anda meu amor? Moça, murmure: ""Estou apaixonada"" E dance de rosto colado, sem nenhum pudor E à noite, quando em minha cama For deitar minha cabeça Eu quero ter daquela que me ama Um abraço que eu mereça Um beijo: O bem do corpo em paz Que faz com que tudo aconteça E o amor que traz a luz do dia E deixa que o sol apareça Sobre a América Sobre a América, sobre a América do sul ]",Belchior
Ypê,False,"Contemplo o rio, que corre parado E a dançarina de pedra que evolui Completamente sem metas, sentado Não tenho sido e eu sou não serei nem fui A mente quer ser, mas querendo erra Pois só sem desejos é que se vive o agora Vede o pé de ypê, apenasmente flora Revolucionariamente Apenso ao pé da serra Contemplo o rio, que corre parado E a dançarina de pedra que evolui Completamente sem metas, sentado Não tenho sido, eu sou não serei nem fui A gente quer ter, mas querendo erra Pois só sem desejos é que se vive o agora Vede o pé de ypê, apenasmente flora Revolucionariamente Apenso ao pé da serra Vede o pé de ypê, apenasmente flora Revolucionariamente Apenso ao pé da serra ]",Belchior
